#0 building with "htk-builder" instance using docker-container driver

#1 [internal] load build definition from Dockerfile
#1 transferring dockerfile: 4.64kB done
#1 DONE 0.0s

#2 [internal] load metadata for docker.io/tensorflow/tensorflow:2.15.0-gpu
#2 DONE 0.5s

#3 [internal] load .dockerignore
#3 transferring context: 2B done
#3 DONE 0.0s

#4 [ 1/21] FROM docker.io/tensorflow/tensorflow:2.15.0-gpu@sha256:66b44c162783bb92ab6f44c1b38bcdfef70af20937089deb7bc20a4f3d7e5491
#4 resolve docker.io/tensorflow/tensorflow:2.15.0-gpu@sha256:66b44c162783bb92ab6f44c1b38bcdfef70af20937089deb7bc20a4f3d7e5491 done
#4 CACHED

#5 [internal] load build context
#5 transferring context: 51.49kB 0.1s done
#5 DONE 0.1s

#6 [ 2/21] RUN rm -f /etc/apt/sources.list.d/cuda.list || true
#6 DONE 0.5s

#7 [ 3/21] RUN apt-get update &&     apt-get install -y --no-install-recommends     git     wget     curl     ca-certificates     unzip     ffmpeg     libsm6     libxext6     libssl-dev     libcurl4-openssl-dev     libexpat1-dev     libhdf5-dev     build-essential     cmake     autoconf     automake     libtool     pkg-config     libmemcached-dev     memcached         libopenslide0     openslide-tools     libtiff5     libjpeg-turbo8     libpng16-16         gdal-bin     libgdal-dev     libgeos-dev     libproj-dev         libvips         libxml2     libxslt1.1         libegl1     libxkbcommon0     && rm -rf /var/lib/apt/lists/*
#7 2.287 Get:1 http://security.ubuntu.com/ubuntu jammy-security InRelease [129 kB]
#7 2.287 Get:2 http://archive.ubuntu.com/ubuntu jammy InRelease [270 kB]
#7 2.683 Get:3 http://archive.ubuntu.com/ubuntu jammy-updates InRelease [128 kB]
#7 2.684 Get:4 https://developer.download.nvidia.com/compute/cuda/repos/ubuntu2204/x86_64  InRelease [1581 B]
#7 2.687 Get:5 http://archive.ubuntu.com/ubuntu jammy-backports InRelease [127 kB]
#7 4.653 Get:6 http://archive.ubuntu.com/ubuntu jammy/multiverse amd64 Packages [266 kB]
#7 4.830 Get:7 http://archive.ubuntu.com/ubuntu jammy/main amd64 Packages [1792 kB]
#7 5.053 Get:8 http://archive.ubuntu.com/ubuntu jammy/restricted amd64 Packages [164 kB]
#7 5.058 Get:9 http://archive.ubuntu.com/ubuntu jammy/universe amd64 Packages [17.5 MB]
#7 5.781 Get:10 http://archive.ubuntu.com/ubuntu jammy-updates/main amd64 Packages [3999 kB]
#7 5.986 Get:11 http://archive.ubuntu.com/ubuntu jammy-updates/multiverse amd64 Packages [70.9 kB]
#7 5.991 Get:12 http://archive.ubuntu.com/ubuntu jammy-updates/universe amd64 Packages [1605 kB]
#7 6.059 Get:13 http://archive.ubuntu.com/ubuntu jammy-updates/restricted amd64 Packages [6571 kB]
#7 7.004 Get:14 http://security.ubuntu.com/ubuntu jammy-security/restricted amd64 Packages [6288 kB]
#7 8.127 Get:15 https://developer.download.nvidia.com/compute/cuda/repos/ubuntu2204/x86_64  Packages [2328 kB]
#7 8.155 Get:16 http://security.ubuntu.com/ubuntu jammy-security/main amd64 Packages [3640 kB]
#7 8.492 Get:17 http://security.ubuntu.com/ubuntu jammy-security/universe amd64 Packages [1293 kB]
#7 8.649 Get:18 http://security.ubuntu.com/ubuntu jammy-security/multiverse amd64 Packages [62.6 kB]
#7 9.046 Get:19 http://archive.ubuntu.com/ubuntu jammy-backports/universe amd64 Packages [37.2 kB]
#7 9.126 Get:20 http://archive.ubuntu.com/ubuntu jammy-backports/main amd64 Packages [83.9 kB]
#7 14.19 Fetched 46.3 MB in 13s (3649 kB/s)
#7 14.19 Reading package lists...
#7 22.40 Reading package lists...
#7 30.64 Building dependency tree...
#7 31.78 Reading state information...
#7 32.74 build-essential is already the newest version (12.9ubuntu3).
#7 32.74 pkg-config is already the newest version (0.29.2-1ubuntu3).
#7 32.74 The following additional packages will be installed:
#7 32.74   autotools-dev cmake-data default-libmysqlclient-dev dh-elpa-helper
#7 32.74   emacsen-common file fontconfig fontconfig-config fonts-dejavu-core
#7 32.74   gcc-12-base gdal-data git-man hdf5-helpers icu-devtools imagemagick-6-common
#7 32.74   libaec-dev libaec0 libaom-dev libaom3 libarchive13 libarmadillo-dev
#7 32.74   libarmadillo10 libarpack2 libarpack2-dev libasound2 libasound2-data libass9
#7 32.74   libasyncns0 libatomic1 libavc1394-0 libavcodec58 libavdevice58 libavfilter7
#7 32.74   libavformat58 libavutil56 libblas-dev libblas3 libblosc-dev libblosc1
#7 32.74   libbluray2 libboost-dev libboost1.74-dev libbs2b0 libbsd0 libcaca0
#7 32.74   libcairo-gobject2 libcairo2 libcc1-0 libcdio-cdda2 libcdio-paranoia2
#7 32.74   libcdio19 libcfitsio-dev libcfitsio9 libcgif0 libcharls-dev libcharls2
#7 32.74   libchromaprint1 libcodec2-1.0 libcurl4 libdatrie1 libdav1d-dev libdav1d5
#7 32.74   libdc1394-25 libde265-0 libde265-dev libdecor-0-0 libdeflate-dev libdeflate0
#7 32.74   libdrm-amdgpu1 libdrm-common libdrm-intel1 libdrm-nouveau2 libdrm-radeon1
#7 32.74   libdrm2 libedit2 libegl-mesa0 liberror-perl libevent-2.1-7 libexif12
#7 32.74   libexpat1 libfftw3-double3 libflac8 libflite1 libfontconfig1 libfreetype6
#7 32.74   libfreexl-dev libfreexl1 libfribidi0 libfyba-dev libfyba0 libgbm1 libgcc-s1
#7 32.74   libgdal30 libgdk-pixbuf-2.0-0 libgdk-pixbuf2.0-common libgeos-c1v5
#7 32.74   libgeos3.10.2 libgeotiff-dev libgeotiff5 libgfortran5 libgif-dev libgif7
#7 32.74   libgl1 libgl1-mesa-dri libglapi-mesa libglvnd0 libglx-mesa0 libglx0 libgme0
#7 32.74   libgomp1 libgraphite2-3 libgsf-1-114 libgsf-1-common libgsm1 libharfbuzz0b
#7 32.74   libhashkit-dev libhashkit2 libhdf4-0-alt libhdf4-alt-dev libhdf5-103-1
#7 32.74   libhdf5-cpp-103-1 libhdf5-fortran-102 libhdf5-hl-100 libhdf5-hl-cpp-100
#7 32.74   libhdf5-hl-fortran-100 libheif-dev libheif1 libice6 libicu-dev libiec61883-0
#7 32.74   libilmbase25 libimagequant0 libitm1 libjack-jackd2-0 libjbig-dev libjbig0
#7 32.74   libjpeg-dev libjpeg-turbo8-dev libjpeg8 libjpeg8-dev libjson-c-dev
#7 32.74   libjsoncpp25 libkml-dev libkmlbase1 libkmlconvenience1 libkmldom1
#7 32.74   libkmlengine1 libkmlregionator1 libkmlxsd1 liblapack-dev liblapack3
#7 32.74   liblcms2-2 liblilv-0-0 libllvm15 liblqr-1-0 liblsan0 libltdl-dev libltdl7
#7 32.74   liblz4-dev liblzma-dev libmagic-mgc libmagic1 libmagickcore-6.q16-6
#7 32.74   libmatio11 libmd0 libmemcached11 libmemcachedutil2 libmfx1 libminizip-dev
#7 32.74   libminizip1 libmp3lame0 libmpg123-0 libmysofa1 libmysqlclient-dev
#7 32.74   libmysqlclient21 libnetcdf-dev libnetcdf19 libnorm1 libnspr4 libnss3
#7 32.74   libnuma1 libodbc2 libodbccr2 libodbcinst2 libogdi-dev libogdi4.1 libogg0
#7 32.74   libopenal-data libopenal1 libopenexr25 libopenjp2-7 libopenjp2-7-dev
#7 32.74   libopenmpt0 libopus0 liborc-0.4-0 libpango-1.0-0 libpangocairo-1.0-0
#7 32.74   libpangoft2-1.0-0 libpciaccess0 libpcre2-16-0 libpcre2-32-0 libpcre2-dev
#7 32.74   libpcre2-posix3 libpgm-5.3-0 libpixman-1-0 libpng-dev libpocketsphinx3
#7 32.74   libpoppler-dev libpoppler-glib8 libpoppler-private-dev libpoppler118
#7 32.74   libpostproc55 libpq-dev libpq5 libproj22 libpulse0 libqhull-dev
#7 32.74   libqhull-r8.0 libqhull8.0 libqhullcpp8.0 libquadmath0 librabbitmq4
#7 32.74   libraw1394-11 librhash0 librsvg2-2 librttopo-dev librttopo1 librubberband2
#7 32.74   libsamplerate0 libsasl2-dev libsdl2-2.0-0 libsensors-config libsensors5
#7 32.74   libserd-0-0 libshine3 libsigsegv2 libslang2 libsnappy1v5 libsndfile1
#7 32.74   libsndio7.0 libsodium23 libsord-0-0 libsoxr0 libspatialite-dev
#7 32.74   libspatialite7 libspeex1 libsphinxbase3 libsqlite3-0 libsqlite3-dev
#7 32.74   libsratom-0-0 libsrt1.4-gnutls libssh-gcrypt-4 libssl3 libstdc++6
#7 32.74   libsuperlu-dev libsuperlu5 libswresample3 libswscale5 libsz2 libthai-data
#7 32.74   libthai0 libtheora0 libtiff-dev libtiffxx5 libtwolame0 libubsan1 libudfread0
#7 32.74   liburiparser-dev liburiparser1 libusb-1.0-0 libuv1 libva-drm2 libva-x11-2
#7 32.74   libva2 libvdpau1 libvidstab1.1 libvorbis0a libvorbisenc2 libvorbisfile3
#7 32.74   libvpx7 libwayland-client0 libwayland-cursor0 libwayland-egl1
#7 32.74   libwayland-server0 libwebp-dev libwebp7 libwebpdemux2 libwebpmux3 libx11-6
#7 32.74   libx11-data libx11-xcb1 libx264-163 libx265-199 libx265-dev libxau6
#7 32.74   libxcb-dri2-0 libxcb-dri3-0 libxcb-glx0 libxcb-present0 libxcb-randr0
#7 32.74   libxcb-render0 libxcb-shape0 libxcb-shm0 libxcb-sync1 libxcb-xfixes0 libxcb1
#7 32.74   libxcursor1 libxdmcp6 libxerces-c-dev libxerces-c3.2 libxfixes3 libxi6
#7 32.74   libxinerama1 libxml2-dev libxrandr2 libxrender1 libxshmfence1 libxss1 libxv1
#7 32.74   libxvidcore4 libxxf86vm1 libzimg2 libzmq5 libzstd-dev libzvbi-common
#7 32.74   libzvbi0 m4 mysql-common ocl-icd-libopencl1 proj-data python3-gdal
#7 32.74   python3-numpy shared-mime-info ucf unixodbc-common unixodbc-dev x11-common
#7 32.74   xkb-data
#7 32.75 Suggested packages:
#7 32.75   autoconf-archive gnu-standards autoconf-doc gettext cmake-doc ninja-build
#7 32.75   cmake-format ffmpeg-doc libgdal-grass gettext-base git-daemon-run
#7 32.75   | git-daemon-sysvinit git-doc git-email git-gui gitk gitweb git-cvs
#7 32.75   git-mediawiki git-svn lrzip libitpp-dev libasound2-plugins alsa-utils
#7 32.75   libcuda1 libnvcuvid1 libnvidia-encode1 liblapack-doc libbluray-bdj
#7 32.75   libboost-doc libboost1.74-doc libboost-atomic1.74-dev
#7 32.75   libboost-chrono1.74-dev libboost-container1.74-dev libboost-context1.74-dev
#7 32.75   libboost-contract1.74-dev libboost-coroutine1.74-dev
#7 32.75   libboost-date-time1.74-dev libboost-exception1.74-dev libboost-fiber1.74-dev
#7 32.75   libboost-filesystem1.74-dev libboost-graph1.74-dev
#7 32.75   libboost-graph-parallel1.74-dev libboost-iostreams1.74-dev
#7 32.75   libboost-locale1.74-dev libboost-log1.74-dev libboost-math1.74-dev
#7 32.75   libboost-mpi1.74-dev libboost-mpi-python1.74-dev libboost-numpy1.74-dev
#7 32.75   libboost-program-options1.74-dev libboost-python1.74-dev
#7 32.75   libboost-random1.74-dev libboost-regex1.74-dev
#7 32.75   libboost-serialization1.74-dev libboost-stacktrace1.74-dev
#7 32.75   libboost-system1.74-dev libboost-test1.74-dev libboost-thread1.74-dev
#7 32.75   libboost-timer1.74-dev libboost-type-erasure1.74-dev libboost-wave1.74-dev
#7 32.75   libboost1.74-tools-dev libmpfrc++-dev libntl-dev libboost-nowide1.74-dev
#7 32.75   libcurl4-doc libidn11-dev libkrb5-dev libldap2-dev librtmp-dev libssh2-1-dev
#7 32.75   libfftw3-bin libfftw3-dev libgdal-doc libgeotiff-epsg geotiff-bin
#7 32.75   libhdf4-doc hdf4-tools libhdf5-doc icu-doc jackd2 liblcms2-utils libtool-doc
#7 32.75   liblzma-doc libmagickcore-6.q16-6-extra netcdf-bin netcdf-doc
#7 32.75   odbc-postgresql tdsodbc ogdi-bin libportaudio2 opus-tools pciutils
#7 32.75   libfreetype6-dev postgresql-doc-14 proj-bin pulseaudio libraw1394-doc
#7 32.75   librsvg2-bin xdg-utils lm-sensors serdi sndiod sordi speex sqlite3-doc
#7 32.75   libssl-doc libsuperlu-doc gfortran | fortran95-compiler gcj-jdk libx265-doc
#7 32.75   libxerces-c-doc m4-doc libanyevent-perl libcache-memcached-perl libmemcached
#7 32.75   libterm-readkey-perl libyaml-perl opencl-icd libtiff-tools gfortran
#7 32.75   python-numpy-doc python3-dev python3-pytest zip
#7 32.75 Recommended packages:
#7 32.75   less ssh-client alsa-ucm-conf alsa-topology-conf libaacs0 libcfitsio-doc
#7 32.75   libdecor-0-plugin-1-cairo | libdecor-0-plugin-1 proj-bin
#7 32.75   libgdk-pixbuf2.0-bin libgl1-amber-dri ghostscript gsfonts libpng-tools
#7 32.75   pocketsphinx-en-us poppler-data librsvg2-common va-driver-all | va-driver
#7 32.75   vdpau-driver-all | vdpau-driver nip2
#7 39.23 The following NEW packages will be installed:
#7 39.23   autoconf automake autotools-dev cmake cmake-data default-libmysqlclient-dev
#7 39.23   dh-elpa-helper emacsen-common ffmpeg file fontconfig fontconfig-config
#7 39.23   fonts-dejavu-core gdal-bin gdal-data git git-man hdf5-helpers icu-devtools
#7 39.23   imagemagick-6-common libaec-dev libaec0 libaom-dev libaom3 libarchive13
#7 39.23   libarmadillo-dev libarmadillo10 libarpack2 libarpack2-dev libasound2
#7 39.23   libasound2-data libass9 libasyncns0 libavc1394-0 libavcodec58 libavdevice58
#7 39.23   libavfilter7 libavformat58 libavutil56 libblas-dev libblas3 libblosc-dev
#7 39.23   libblosc1 libbluray2 libboost-dev libboost1.74-dev libbs2b0 libbsd0 libcaca0
#7 39.23   libcairo-gobject2 libcairo2 libcdio-cdda2 libcdio-paranoia2 libcdio19
#7 39.23   libcfitsio-dev libcfitsio9 libcgif0 libcharls-dev libcharls2 libchromaprint1
#7 39.23   libcodec2-1.0 libcurl4-openssl-dev libdatrie1 libdav1d-dev libdav1d5
#7 39.23   libdc1394-25 libde265-0 libde265-dev libdecor-0-0 libdeflate-dev libdeflate0
#7 39.23   libdrm-amdgpu1 libdrm-common libdrm-intel1 libdrm-nouveau2 libdrm-radeon1
#7 39.23   libdrm2 libedit2 libegl-mesa0 libegl1 liberror-perl libevent-2.1-7 libexif12
#7 39.23   libfftw3-double3 libflac8 libflite1 libfontconfig1 libfreetype6
#7 39.23   libfreexl-dev libfreexl1 libfribidi0 libfyba-dev libfyba0 libgbm1
#7 39.23   libgdal-dev libgdal30 libgdk-pixbuf-2.0-0 libgdk-pixbuf2.0-common
#7 39.23   libgeos-c1v5 libgeos-dev libgeos3.10.2 libgeotiff-dev libgeotiff5
#7 39.23   libgfortran5 libgif-dev libgif7 libgl1 libgl1-mesa-dri libglapi-mesa
#7 39.23   libglvnd0 libglx-mesa0 libglx0 libgme0 libgraphite2-3 libgsf-1-114
#7 39.23   libgsf-1-common libgsm1 libharfbuzz0b libhashkit-dev libhashkit2
#7 39.23   libhdf4-0-alt libhdf4-alt-dev libhdf5-103-1 libhdf5-cpp-103-1 libhdf5-dev
#7 39.23   libhdf5-fortran-102 libhdf5-hl-100 libhdf5-hl-cpp-100 libhdf5-hl-fortran-100
#7 39.23   libheif-dev libheif1 libice6 libicu-dev libiec61883-0 libilmbase25
#7 39.23   libimagequant0 libjack-jackd2-0 libjbig-dev libjbig0 libjpeg-dev
#7 39.23   libjpeg-turbo8 libjpeg-turbo8-dev libjpeg8 libjpeg8-dev libjson-c-dev
#7 39.23   libjsoncpp25 libkml-dev libkmlbase1 libkmlconvenience1 libkmldom1
#7 39.23   libkmlengine1 libkmlregionator1 libkmlxsd1 liblapack-dev liblapack3
#7 39.23   liblcms2-2 liblilv-0-0 libllvm15 liblqr-1-0 libltdl-dev libltdl7 liblz4-dev
#7 39.23   liblzma-dev libmagic-mgc libmagic1 libmagickcore-6.q16-6 libmatio11 libmd0
#7 39.23   libmemcached-dev libmemcached11 libmemcachedutil2 libmfx1 libminizip-dev
#7 39.23   libminizip1 libmp3lame0 libmpg123-0 libmysofa1 libmysqlclient-dev
#7 39.23   libmysqlclient21 libnetcdf-dev libnetcdf19 libnorm1 libnspr4 libnss3
#7 39.23   libnuma1 libodbc2 libodbccr2 libodbcinst2 libogdi-dev libogdi4.1 libogg0
#7 39.23   libopenal-data libopenal1 libopenexr25 libopenjp2-7 libopenjp2-7-dev
#7 39.23   libopenmpt0 libopenslide0 libopus0 liborc-0.4-0 libpango-1.0-0
#7 39.23   libpangocairo-1.0-0 libpangoft2-1.0-0 libpciaccess0 libpcre2-16-0
#7 39.23   libpcre2-32-0 libpcre2-dev libpcre2-posix3 libpgm-5.3-0 libpixman-1-0
#7 39.23   libpng-dev libpng16-16 libpocketsphinx3 libpoppler-dev libpoppler-glib8
#7 39.23   libpoppler-private-dev libpoppler118 libpostproc55 libpq-dev libpq5
#7 39.23   libproj-dev libproj22 libpulse0 libqhull-dev libqhull-r8.0 libqhull8.0
#7 39.23   libqhullcpp8.0 librabbitmq4 libraw1394-11 librhash0 librsvg2-2 librttopo-dev
#7 39.23   librttopo1 librubberband2 libsamplerate0 libsasl2-dev libsdl2-2.0-0
#7 39.23   libsensors-config libsensors5 libserd-0-0 libshine3 libsigsegv2 libslang2
#7 39.23   libsm6 libsnappy1v5 libsndfile1 libsndio7.0 libsodium23 libsord-0-0 libsoxr0
#7 39.23   libspatialite-dev libspatialite7 libspeex1 libsphinxbase3 libsqlite3-dev
#7 39.23   libsratom-0-0 libsrt1.4-gnutls libssh-gcrypt-4 libssl-dev libsuperlu-dev
#7 39.23   libsuperlu5 libswresample3 libswscale5 libsz2 libthai-data libthai0
#7 39.23   libtheora0 libtiff-dev libtiff5 libtiffxx5 libtool libtwolame0 libudfread0
#7 39.23   liburiparser-dev liburiparser1 libusb-1.0-0 libuv1 libva-drm2 libva-x11-2
#7 39.23   libva2 libvdpau1 libvidstab1.1 libvips42 libvorbis0a libvorbisenc2
#7 39.23   libvorbisfile3 libvpx7 libwayland-client0 libwayland-cursor0 libwayland-egl1
#7 39.23   libwayland-server0 libwebp-dev libwebp7 libwebpdemux2 libwebpmux3 libx11-6
#7 39.24   libx11-data libx11-xcb1 libx264-163 libx265-199 libx265-dev libxau6
#7 39.24   libxcb-dri2-0 libxcb-dri3-0 libxcb-glx0 libxcb-present0 libxcb-randr0
#7 39.24   libxcb-render0 libxcb-shape0 libxcb-shm0 libxcb-sync1 libxcb-xfixes0 libxcb1
#7 39.24   libxcursor1 libxdmcp6 libxerces-c-dev libxerces-c3.2 libxext6 libxfixes3
#7 39.24   libxi6 libxinerama1 libxkbcommon0 libxml2-dev libxrandr2 libxrender1
#7 39.24   libxshmfence1 libxslt1.1 libxss1 libxv1 libxvidcore4 libxxf86vm1 libzimg2
#7 39.24   libzmq5 libzstd-dev libzvbi-common libzvbi0 m4 memcached mysql-common
#7 39.24   ocl-icd-libopencl1 openslide-tools proj-data python3-gdal python3-numpy
#7 39.24   shared-mime-info ucf unixodbc-common unixodbc-dev x11-common xkb-data
#7 39.24 The following packages will be upgraded:
#7 39.24   ca-certificates curl gcc-12-base libatomic1 libcc1-0 libcurl4 libexpat1
#7 39.25   libexpat1-dev libgcc-s1 libgomp1 libitm1 liblsan0 libquadmath0 libsqlite3-0
#7 39.25   libssl3 libstdc++6 libubsan1 libxml2 unzip wget
#7 39.73 20 upgraded, 350 newly installed, 0 to remove and 125 not upgraded.
#7 39.73 Need to get 229 MB of archives.
#7 39.73 After this operation, 1008 MB of additional disk space will be used.
#7 39.73 Get:1 http://archive.ubuntu.com/ubuntu jammy-updates/main amd64 libatomic1 amd64 12.3.0-1ubuntu1~22.04.2 [10.4 kB]
#7 39.83 Get:2 http://archive.ubuntu.com/ubuntu jammy-updates/main amd64 libubsan1 amd64 12.3.0-1ubuntu1~22.04.2 [976 kB]
#7 40.27 Get:3 http://archive.ubuntu.com/ubuntu jammy-updates/main amd64 gcc-12-base amd64 12.3.0-1ubuntu1~22.04.2 [20.6 kB]
#7 40.27 Get:4 http://archive.ubuntu.com/ubuntu jammy-updates/main amd64 libstdc++6 amd64 12.3.0-1ubuntu1~22.04.2 [699 kB]
#7 40.34 Get:5 http://archive.ubuntu.com/ubuntu jammy-updates/main amd64 libquadmath0 amd64 12.3.0-1ubuntu1~22.04.2 [154 kB]
#7 40.35 Get:6 http://archive.ubuntu.com/ubuntu jammy-updates/main amd64 liblsan0 amd64 12.3.0-1ubuntu1~22.04.2 [1069 kB]
#7 40.40 Get:7 http://archive.ubuntu.com/ubuntu jammy-updates/main amd64 libitm1 amd64 12.3.0-1ubuntu1~22.04.2 [30.2 kB]
#7 40.41 Get:8 http://archive.ubuntu.com/ubuntu jammy-updates/main amd64 libgomp1 amd64 12.3.0-1ubuntu1~22.04.2 [127 kB]
#7 40.41 Get:9 http://archive.ubuntu.com/ubuntu jammy-updates/main amd64 libcc1-0 amd64 12.3.0-1ubuntu1~22.04.2 [48.3 kB]
#7 40.42 Get:10 http://archive.ubuntu.com/ubuntu jammy-updates/main amd64 libgcc-s1 amd64 12.3.0-1ubuntu1~22.04.2 [53.9 kB]
#7 40.42 Get:11 http://archive.ubuntu.com/ubuntu jammy/main amd64 libfftw3-double3 amd64 3.3.8-2ubuntu8 [770 kB]
#7 40.45 Get:12 http://archive.ubuntu.com/ubuntu jammy-updates/main amd64 libexpat1-dev amd64 2.4.7-1ubuntu0.6 [148 kB]
#7 40.46 Get:13 http://archive.ubuntu.com/ubuntu jammy-updates/main amd64 libexpat1 amd64 2.4.7-1ubuntu0.6 [92.1 kB]
#7 40.46 Get:14 http://archive.ubuntu.com/ubuntu jammy-updates/main amd64 libpng16-16 amd64 1.6.37-3ubuntu0.3 [192 kB]
#7 40.47 Get:15 http://archive.ubuntu.com/ubuntu jammy-updates/main amd64 libfreetype6 amd64 2.11.1+dfsg-1ubuntu0.3 [388 kB]
#7 40.48 Get:16 http://archive.ubuntu.com/ubuntu jammy/main amd64 ucf all 3.0043 [56.1 kB]
#7 40.49 Get:17 http://archive.ubuntu.com/ubuntu jammy/main amd64 fonts-dejavu-core all 2.37-2build1 [1041 kB]
#7 40.54 Get:18 http://archive.ubuntu.com/ubuntu jammy/main amd64 fontconfig-config all 2.13.1-4.2ubuntu5 [29.1 kB]
#7 40.54 Get:19 http://archive.ubuntu.com/ubuntu jammy/main amd64 libfontconfig1 amd64 2.13.1-4.2ubuntu5 [131 kB]
#7 40.54 Get:20 http://archive.ubuntu.com/ubuntu jammy-updates/universe amd64 libaom3 amd64 3.3.0-1ubuntu0.1 [1748 kB]
#7 40.61 Get:21 http://archive.ubuntu.com/ubuntu jammy/universe amd64 libdav1d5 amd64 0.9.2-1 [463 kB]
#7 40.63 Get:22 http://archive.ubuntu.com/ubuntu jammy-updates/universe amd64 libde265-0 amd64 1.0.8-1ubuntu0.3 [290 kB]
#7 40.64 Get:23 http://archive.ubuntu.com/ubuntu jammy/main amd64 libnuma1 amd64 2.0.14-3ubuntu2 [22.5 kB]
#7 40.65 Get:24 http://archive.ubuntu.com/ubuntu jammy/universe amd64 libx265-199 amd64 3.5-2 [1170 kB]
#7 40.69 Get:25 http://archive.ubuntu.com/ubuntu jammy/universe amd64 libheif1 amd64 1.12.0-2build1 [196 kB]
#7 40.70 Get:26 http://archive.ubuntu.com/ubuntu jammy-updates/main amd64 libjbig0 amd64 2.1-3.1ubuntu0.22.04.1 [29.2 kB]
#7 40.70 Get:27 http://archive.ubuntu.com/ubuntu jammy/main amd64 libjpeg-turbo8 amd64 2.1.2-0ubuntu1 [134 kB]
#7 40.71 Get:28 http://archive.ubuntu.com/ubuntu jammy/main amd64 libjpeg8 amd64 8c-2ubuntu10 [2264 B]
#7 40.71 Get:29 http://archive.ubuntu.com/ubuntu jammy/main amd64 liblcms2-2 amd64 2.12~rc1-2build2 [159 kB]
#7 40.72 Get:30 http://archive.ubuntu.com/ubuntu jammy/universe amd64 liblqr-1-0 amd64 0.4.2-2.1 [27.7 kB]
#7 40.72 Get:31 http://archive.ubuntu.com/ubuntu jammy/main amd64 libltdl7 amd64 2.4.6-15build2 [39.6 kB]
#7 40.72 Get:32 http://archive.ubuntu.com/ubuntu jammy-updates/main amd64 libopenjp2-7 amd64 2.4.0-6ubuntu0.4 [158 kB]
#7 40.73 Get:33 http://archive.ubuntu.com/ubuntu jammy/main amd64 libdeflate0 amd64 1.10-2 [70.9 kB]
#7 40.77 Get:34 http://archive.ubuntu.com/ubuntu jammy-updates/main amd64 libwebp7 amd64 1.2.2-2ubuntu0.22.04.2 [206 kB]
#7 40.79 Get:35 http://archive.ubuntu.com/ubuntu jammy-updates/main amd64 libtiff5 amd64 4.3.0-6ubuntu0.12 [185 kB]
#7 40.80 Get:36 http://archive.ubuntu.com/ubuntu jammy-updates/main amd64 libwebpdemux2 amd64 1.2.2-2ubuntu0.22.04.2 [9964 B]
#7 40.80 Get:37 http://archive.ubuntu.com/ubuntu jammy-updates/main amd64 libwebpmux3 amd64 1.2.2-2ubuntu0.22.04.2 [20.5 kB]
#7 40.81 Get:38 http://archive.ubuntu.com/ubuntu jammy/main amd64 libxau6 amd64 1:1.0.9-1build5 [7634 B]
#7 40.81 Get:39 http://archive.ubuntu.com/ubuntu jammy/main amd64 libmd0 amd64 1.0.4-1build1 [23.0 kB]
#7 40.81 Get:40 http://archive.ubuntu.com/ubuntu jammy/main amd64 libbsd0 amd64 0.11.5-1 [44.8 kB]
#7 40.81 Get:41 http://archive.ubuntu.com/ubuntu jammy/main amd64 libxdmcp6 amd64 1:1.1.3-0ubuntu5 [10.9 kB]
#7 40.82 Get:42 http://archive.ubuntu.com/ubuntu jammy/main amd64 libxcb1 amd64 1.14-3ubuntu3 [49.0 kB]
#7 40.82 Get:43 http://archive.ubuntu.com/ubuntu jammy-updates/main amd64 libx11-data all 2:1.7.5-1ubuntu0.3 [120 kB]
#7 40.88 Get:44 http://archive.ubuntu.com/ubuntu jammy-updates/main amd64 libx11-6 amd64 2:1.7.5-1ubuntu0.3 [667 kB]
#7 40.91 Get:45 http://archive.ubuntu.com/ubuntu jammy/main amd64 libxext6 amd64 2:1.3.4-1build1 [31.8 kB]
#7 40.92 Get:46 http://archive.ubuntu.com/ubuntu jammy-updates/main amd64 libxml2 amd64 2.9.13+dfsg-1ubuntu0.11 [765 kB]
#7 40.96 Get:47 http://archive.ubuntu.com/ubuntu jammy-updates/universe amd64 imagemagick-6-common all 8:6.9.11.60+dfsg-1.3ubuntu0.22.04.5 [64.3 kB]
#7 40.96 Get:48 http://archive.ubuntu.com/ubuntu jammy-updates/universe amd64 libmagickcore-6.q16-6 amd64 8:6.9.11.60+dfsg-1.3ubuntu0.22.04.5 [1795 kB]
#7 41.04 Get:49 http://archive.ubuntu.com/ubuntu jammy/main amd64 libevent-2.1-7 amd64 2.1.12-stable-1build3 [148 kB]
#7 41.05 Get:50 http://archive.ubuntu.com/ubuntu jammy-updates/main amd64 libssl3 amd64 3.0.2-0ubuntu1.21 [1905 kB]
#7 41.14 Get:51 http://archive.ubuntu.com/ubuntu jammy-updates/main amd64 memcached amd64 1.6.14-1ubuntu0.1 [210 kB]
#7 41.15 Get:52 http://archive.ubuntu.com/ubuntu jammy-updates/main amd64 ca-certificates all 20240203~22.04.1 [162 kB]
#7 41.15 Get:53 http://archive.ubuntu.com/ubuntu jammy-updates/main amd64 libfribidi0 amd64 1.0.8-2ubuntu3.1 [26.1 kB]
#7 41.16 Get:54 http://archive.ubuntu.com/ubuntu jammy/main amd64 libslang2 amd64 2.3.2-5build4 [468 kB]
#7 41.18 Get:55 http://archive.ubuntu.com/ubuntu jammy-updates/main amd64 libsqlite3-0 amd64 3.37.2-2ubuntu0.5 [643 kB]
#7 41.21 Get:56 http://archive.ubuntu.com/ubuntu jammy/main amd64 shared-mime-info amd64 2.1-2 [454 kB]
#7 41.23 Get:57 http://archive.ubuntu.com/ubuntu jammy/main amd64 xkb-data all 2.33-1 [394 kB]
#7 41.25 Get:58 http://archive.ubuntu.com/ubuntu jammy-updates/main amd64 libmagic-mgc amd64 1:5.41-3ubuntu0.1 [257 kB]
#7 41.26 Get:59 http://archive.ubuntu.com/ubuntu jammy-updates/main amd64 libmagic1 amd64 1:5.41-3ubuntu0.1 [87.2 kB]
#7 41.27 Get:60 http://archive.ubuntu.com/ubuntu jammy-updates/main amd64 file amd64 1:5.41-3ubuntu0.1 [21.5 kB]
#7 41.27 Get:61 http://archive.ubuntu.com/ubuntu jammy-updates/main amd64 libdrm-common all 2.4.113-2~ubuntu0.22.04.1 [5450 B]
#7 41.27 Get:62 http://archive.ubuntu.com/ubuntu jammy-updates/main amd64 libdrm2 amd64 2.4.113-2~ubuntu0.22.04.1 [38.1 kB]
#7 41.27 Get:63 http://archive.ubuntu.com/ubuntu jammy/main amd64 libedit2 amd64 3.1-20210910-1build1 [96.8 kB]
#7 41.28 Get:64 http://archive.ubuntu.com/ubuntu jammy-updates/main amd64 libusb-1.0-0 amd64 2:1.0.25-1ubuntu2 [52.7 kB]
#7 41.31 Get:65 http://archive.ubuntu.com/ubuntu jammy-updates/main amd64 libuv1 amd64 1.43.0-1ubuntu0.1 [92.7 kB]
#7 41.33 Get:66 http://archive.ubuntu.com/ubuntu jammy-updates/main amd64 wget amd64 1.21.2-2ubuntu1.1 [339 kB]
#7 41.35 Get:67 http://archive.ubuntu.com/ubuntu jammy/main amd64 libsigsegv2 amd64 2.13-1ubuntu3 [14.6 kB]
#7 41.35 Get:68 http://archive.ubuntu.com/ubuntu jammy/main amd64 m4 amd64 1.4.18-5ubuntu2 [199 kB]
#7 41.36 Get:69 http://archive.ubuntu.com/ubuntu jammy/main amd64 autoconf all 2.71-2 [338 kB]
#7 41.38 Get:70 http://archive.ubuntu.com/ubuntu jammy/main amd64 autotools-dev all 20220109.1 [44.9 kB]
#7 41.38 Get:71 http://archive.ubuntu.com/ubuntu jammy/main amd64 automake all 1:1.16.5-1.3 [558 kB]
#7 41.41 Get:72 http://archive.ubuntu.com/ubuntu jammy-updates/main amd64 libarchive13 amd64 3.6.0-1ubuntu1.5 [368 kB]
#7 41.43 Get:73 http://archive.ubuntu.com/ubuntu jammy-updates/main amd64 curl amd64 7.81.0-1ubuntu1.21 [194 kB]
#7 41.43 Get:74 http://archive.ubuntu.com/ubuntu jammy-updates/main amd64 libcurl4 amd64 7.81.0-1ubuntu1.21 [290 kB]
#7 41.45 Get:75 http://archive.ubuntu.com/ubuntu jammy/main amd64 libjsoncpp25 amd64 1.9.5-3 [80.0 kB]
#7 41.45 Get:76 http://archive.ubuntu.com/ubuntu jammy/main amd64 librhash0 amd64 1.4.2-1ubuntu1 [125 kB]
#7 41.46 Get:77 http://archive.ubuntu.com/ubuntu jammy/main amd64 dh-elpa-helper all 2.0.9ubuntu1 [7610 B]
#7 41.46 Get:78 http://archive.ubuntu.com/ubuntu jammy/main amd64 emacsen-common all 3.0.4 [14.9 kB]
#7 41.47 Get:79 http://archive.ubuntu.com/ubuntu jammy-updates/main amd64 cmake-data all 3.22.1-1ubuntu1.22.04.2 [1913 kB]
#7 41.56 Get:80 http://archive.ubuntu.com/ubuntu jammy-updates/main amd64 cmake amd64 3.22.1-1ubuntu1.22.04.2 [5010 kB]
#7 41.78 Get:81 http://archive.ubuntu.com/ubuntu jammy/main amd64 mysql-common all 5.8+1.0.8 [7212 B]
#7 41.79 Get:82 http://archive.ubuntu.com/ubuntu jammy-updates/main amd64 libmysqlclient21 amd64 8.0.44-0ubuntu0.22.04.2 [1308 kB]
#7 41.84 Get:83 http://archive.ubuntu.com/ubuntu jammy-updates/main amd64 libssl-dev amd64 3.0.2-0ubuntu1.21 [2375 kB]
#7 41.94 Get:84 http://archive.ubuntu.com/ubuntu jammy/main amd64 libzstd-dev amd64 1.4.8+dfsg-3build1 [401 kB]
#7 41.96 Get:85 http://archive.ubuntu.com/ubuntu jammy-updates/main amd64 libmysqlclient-dev amd64 8.0.44-0ubuntu0.22.04.2 [1703 kB]
#7 42.03 Get:86 http://archive.ubuntu.com/ubuntu jammy/main amd64 default-libmysqlclient-dev amd64 1.0.8 [3586 B]
#7 42.03 Get:87 http://archive.ubuntu.com/ubuntu jammy/universe amd64 libva2 amd64 2.14.0-1 [65.0 kB]
#7 42.03 Get:88 http://archive.ubuntu.com/ubuntu jammy/universe amd64 libmfx1 amd64 22.3.0-1 [3105 kB]
#7 42.17 Get:89 http://archive.ubuntu.com/ubuntu jammy/universe amd64 libva-drm2 amd64 2.14.0-1 [7502 B]
#7 42.17 Get:90 http://archive.ubuntu.com/ubuntu jammy/main amd64 libxfixes3 amd64 1:6.0.0-1 [11.7 kB]
#7 42.17 Get:91 http://archive.ubuntu.com/ubuntu jammy/universe amd64 libva-x11-2 amd64 2.14.0-1 [12.6 kB]
#7 42.17 Get:92 http://archive.ubuntu.com/ubuntu jammy/main amd64 libvdpau1 amd64 1.4-3build2 [27.0 kB]
#7 42.17 Get:93 http://archive.ubuntu.com/ubuntu jammy/universe amd64 ocl-icd-libopencl1 amd64 2.2.14-3 [39.1 kB]
#7 42.18 Get:94 http://archive.ubuntu.com/ubuntu jammy-updates/universe amd64 libavutil56 amd64 7:4.4.2-0ubuntu0.22.04.1 [290 kB]
#7 42.19 Get:95 http://archive.ubuntu.com/ubuntu jammy-updates/main amd64 libpixman-1-0 amd64 0.40.0-1ubuntu0.22.04.1 [264 kB]
#7 42.20 Get:96 http://archive.ubuntu.com/ubuntu jammy/main amd64 libxcb-render0 amd64 1.14-3ubuntu3 [16.4 kB]
#7 42.20 Get:97 http://archive.ubuntu.com/ubuntu jammy/main amd64 libxcb-shm0 amd64 1.14-3ubuntu3 [5780 B]
#7 42.26 Get:98 http://archive.ubuntu.com/ubuntu jammy/main amd64 libxrender1 amd64 1:0.9.10-1build4 [19.7 kB]
#7 42.26 Get:99 http://archive.ubuntu.com/ubuntu jammy/main amd64 libcairo2 amd64 1.16.0-5ubuntu2 [628 kB]
#7 42.29 Get:100 http://archive.ubuntu.com/ubuntu jammy/universe amd64 libcodec2-1.0 amd64 1.0.1-3 [8435 kB]
#7 42.65 Get:101 http://archive.ubuntu.com/ubuntu jammy/universe amd64 libgsm1 amd64 1.0.19-1 [27.7 kB]
#7 42.82 Get:102 http://archive.ubuntu.com/ubuntu jammy/main amd64 libmp3lame0 amd64 3.100-3build2 [141 kB]
#7 43.19 Get:103 http://archive.ubuntu.com/ubuntu jammy/main amd64 libopus0 amd64 1.3.1-0.1build2 [203 kB]
#7 43.32 Get:104 http://archive.ubuntu.com/ubuntu jammy/main amd64 libcairo-gobject2 amd64 1.16.0-5ubuntu2 [19.4 kB]
#7 43.34 Get:105 http://archive.ubuntu.com/ubuntu jammy-updates/main amd64 libgdk-pixbuf2.0-common all 2.42.8+dfsg-1ubuntu0.4 [5546 B]
#7 43.36 Get:106 http://archive.ubuntu.com/ubuntu jammy-updates/main amd64 libgdk-pixbuf-2.0-0 amd64 2.42.8+dfsg-1ubuntu0.4 [148 kB]
#7 43.40 Get:107 http://archive.ubuntu.com/ubuntu jammy/main amd64 fontconfig amd64 2.13.1-4.2ubuntu5 [177 kB]
#7 43.45 Get:108 http://archive.ubuntu.com/ubuntu jammy/main amd64 libgraphite2-3 amd64 1.3.14-1build2 [71.3 kB]
#7 43.46 Get:109 http://archive.ubuntu.com/ubuntu jammy-updates/main amd64 libharfbuzz0b amd64 2.7.4-1ubuntu3.2 [353 kB]
#7 43.52 Get:110 http://archive.ubuntu.com/ubuntu jammy/main amd64 libthai-data all 0.1.29-1build1 [162 kB]
#7 43.55 Get:111 http://archive.ubuntu.com/ubuntu jammy/main amd64 libdatrie1 amd64 0.2.13-2 [19.9 kB]
#7 43.55 Get:112 http://archive.ubuntu.com/ubuntu jammy/main amd64 libthai0 amd64 0.1.29-1build1 [19.2 kB]
#7 43.56 Get:113 http://archive.ubuntu.com/ubuntu jammy-updates/main amd64 libpango-1.0-0 amd64 1.50.6+ds-2ubuntu1 [230 kB]
#7 43.57 Get:114 http://archive.ubuntu.com/ubuntu jammy-updates/main amd64 libpangoft2-1.0-0 amd64 1.50.6+ds-2ubuntu1 [54.0 kB]
#7 43.58 Get:115 http://archive.ubuntu.com/ubuntu jammy-updates/main amd64 libpangocairo-1.0-0 amd64 1.50.6+ds-2ubuntu1 [39.8 kB]
#7 43.58 Get:116 http://archive.ubuntu.com/ubuntu jammy-updates/main amd64 librsvg2-2 amd64 2.52.5+dfsg-3ubuntu0.2 [2974 kB]
#7 43.74 Get:117 http://archive.ubuntu.com/ubuntu jammy/universe amd64 libshine3 amd64 3.1.1-2 [23.2 kB]
#7 43.74 Get:118 http://archive.ubuntu.com/ubuntu jammy/main amd64 libsnappy1v5 amd64 1.1.8-1build3 [17.5 kB]
#7 43.74 Get:119 http://archive.ubuntu.com/ubuntu jammy/main amd64 libspeex1 amd64 1.2~rc1.2-1.1ubuntu3 [57.9 kB]
#7 43.75 Get:120 http://archive.ubuntu.com/ubuntu jammy/main amd64 libsoxr0 amd64 0.1.3-4build2 [79.8 kB]
#7 43.75 Get:121 http://archive.ubuntu.com/ubuntu jammy-updates/universe amd64 libswresample3 amd64 7:4.4.2-0ubuntu0.22.04.1 [62.2 kB]
#7 43.76 Get:122 http://archive.ubuntu.com/ubuntu jammy/main amd64 libogg0 amd64 1.3.5-0ubuntu3 [22.9 kB]
#7 43.76 Get:123 http://archive.ubuntu.com/ubuntu jammy/main amd64 libtheora0 amd64 1.1.1+dfsg.1-15ubuntu4 [209 kB]
#7 43.77 Get:124 http://archive.ubuntu.com/ubuntu jammy/main amd64 libtwolame0 amd64 0.4.0-2build2 [52.5 kB]
#7 43.77 Get:125 http://archive.ubuntu.com/ubuntu jammy/main amd64 libvorbis0a amd64 1.3.7-1build2 [99.2 kB]
#7 43.82 Get:126 http://archive.ubuntu.com/ubuntu jammy/main amd64 libvorbisenc2 amd64 1.3.7-1build2 [82.6 kB]
#7 43.82 Get:127 http://archive.ubuntu.com/ubuntu jammy-updates/main amd64 libvpx7 amd64 1.11.0-2ubuntu2.4 [1078 kB]
#7 43.87 Get:128 http://archive.ubuntu.com/ubuntu jammy/universe amd64 libx264-163 amd64 2:0.163.3060+git5db6aa6-2build1 [591 kB]
#7 43.90 Get:129 http://archive.ubuntu.com/ubuntu jammy/universe amd64 libxvidcore4 amd64 2:1.3.7-1 [201 kB]
#7 43.91 Get:130 http://archive.ubuntu.com/ubuntu jammy/universe amd64 libzvbi-common all 0.2.35-19 [35.5 kB]
#7 43.91 Get:131 http://archive.ubuntu.com/ubuntu jammy/universe amd64 libzvbi0 amd64 0.2.35-19 [262 kB]
#7 43.92 Get:132 http://archive.ubuntu.com/ubuntu jammy-updates/universe amd64 libavcodec58 amd64 7:4.4.2-0ubuntu0.22.04.1 [5567 kB]
#7 44.15 Get:133 http://archive.ubuntu.com/ubuntu jammy/main amd64 libasound2-data all 1.2.6.1-1ubuntu1 [19.1 kB]
#7 44.15 Get:134 http://archive.ubuntu.com/ubuntu jammy/main amd64 libasound2 amd64 1.2.6.1-1ubuntu1 [390 kB]
#7 44.16 Get:135 http://archive.ubuntu.com/ubuntu jammy/main amd64 libraw1394-11 amd64 2.1.2-2build2 [27.0 kB]
#7 44.17 Get:136 http://archive.ubuntu.com/ubuntu jammy/main amd64 libavc1394-0 amd64 0.5.4-5build2 [17.0 kB]
#7 44.17 Get:137 http://archive.ubuntu.com/ubuntu jammy/universe amd64 libass9 amd64 1:0.15.2-1 [97.5 kB]
#7 44.17 Get:138 http://archive.ubuntu.com/ubuntu jammy/universe amd64 libudfread0 amd64 1.1.2-1 [16.2 kB]
#7 44.17 Get:139 http://archive.ubuntu.com/ubuntu jammy/universe amd64 libbluray2 amd64 1:1.3.1-1 [159 kB]
#7 44.18 Get:140 http://archive.ubuntu.com/ubuntu jammy/universe amd64 libchromaprint1 amd64 1.5.1-2 [28.4 kB]
#7 44.18 Get:141 http://archive.ubuntu.com/ubuntu jammy/universe amd64 libgme0 amd64 0.6.3-2 [127 kB]
#7 44.23 Get:142 http://archive.ubuntu.com/ubuntu jammy-updates/main amd64 libmpg123-0 amd64 1.29.3-1ubuntu0.1 [172 kB]
#7 44.24 Get:143 http://archive.ubuntu.com/ubuntu jammy/main amd64 libvorbisfile3 amd64 1.3.7-1build2 [17.1 kB]
#7 44.24 Get:144 http://archive.ubuntu.com/ubuntu jammy/universe amd64 libopenmpt0 amd64 0.6.1-1 [592 kB]
#7 44.27 Get:145 http://archive.ubuntu.com/ubuntu jammy/main amd64 librabbitmq4 amd64 0.10.0-1ubuntu2 [39.3 kB]
#7 44.27 Get:146 http://archive.ubuntu.com/ubuntu jammy/universe amd64 libsrt1.4-gnutls amd64 1.4.4-4 [309 kB]
#7 44.28 Get:147 http://archive.ubuntu.com/ubuntu jammy-updates/main amd64 libssh-gcrypt-4 amd64 0.9.6-2ubuntu0.22.04.5 [224 kB]
#7 44.29 Get:148 http://archive.ubuntu.com/ubuntu jammy/universe amd64 libnorm1 amd64 1.5.9+dfsg-2 [221 kB]
#7 44.30 Get:149 http://archive.ubuntu.com/ubuntu jammy/universe amd64 libpgm-5.3-0 amd64 5.3.128~dfsg-2 [161 kB]
#7 44.31 Get:150 http://archive.ubuntu.com/ubuntu jammy-updates/main amd64 libsodium23 amd64 1.0.18-1ubuntu0.22.04.1 [164 kB]
#7 44.32 Get:151 http://archive.ubuntu.com/ubuntu jammy/universe amd64 libzmq5 amd64 4.3.4-2 [256 kB]
#7 44.33 Get:152 http://archive.ubuntu.com/ubuntu jammy-updates/universe amd64 libavformat58 amd64 7:4.4.2-0ubuntu0.22.04.1 [1103 kB]
#7 44.37 Get:153 http://archive.ubuntu.com/ubuntu jammy/universe amd64 libbs2b0 amd64 3.1.0+dfsg-2.2build1 [10.2 kB]
#7 44.37 Get:154 http://archive.ubuntu.com/ubuntu jammy/universe amd64 libflite1 amd64 2.2-3 [13.7 MB]
#7 44.95 Get:155 http://archive.ubuntu.com/ubuntu jammy/universe amd64 libserd-0-0 amd64 0.30.10-2 [40.8 kB]
#7 44.95 Get:156 http://archive.ubuntu.com/ubuntu jammy/universe amd64 libsord-0-0 amd64 0.16.8-2 [21.2 kB]
#7 44.95 Get:157 http://archive.ubuntu.com/ubuntu jammy/universe amd64 libsratom-0-0 amd64 0.6.8-1 [17.0 kB]
#7 44.95 Get:158 http://archive.ubuntu.com/ubuntu jammy/universe amd64 liblilv-0-0 amd64 0.24.12-2 [42.8 kB]
#7 44.95 Get:159 http://archive.ubuntu.com/ubuntu jammy/universe amd64 libmysofa1 amd64 1.2.1~dfsg0-1 [1157 kB]
#7 45.00 Get:160 http://archive.ubuntu.com/ubuntu jammy/main amd64 libblas3 amd64 3.10.0-2ubuntu1 [228 kB]
#7 45.01 Get:161 http://archive.ubuntu.com/ubuntu jammy-updates/main amd64 libgfortran5 amd64 12.3.0-1ubuntu1~22.04.2 [879 kB]
#7 45.05 Get:162 http://archive.ubuntu.com/ubuntu jammy/main amd64 liblapack3 amd64 3.10.0-2ubuntu1 [2504 kB]
#7 45.15 Get:163 http://archive.ubuntu.com/ubuntu jammy/main amd64 libasyncns0 amd64 0.8-6build2 [12.8 kB]
#7 45.15 Get:164 http://archive.ubuntu.com/ubuntu jammy-updates/main amd64 libflac8 amd64 1.3.3-2ubuntu0.2 [111 kB]
#7 45.16 Get:165 http://archive.ubuntu.com/ubuntu jammy-updates/main amd64 libsndfile1 amd64 1.0.31-2ubuntu0.2 [196 kB]
#7 45.16 Get:166 http://archive.ubuntu.com/ubuntu jammy-updates/main amd64 libx11-xcb1 amd64 2:1.7.5-1ubuntu0.3 [7802 B]
#7 45.17 Get:167 http://archive.ubuntu.com/ubuntu jammy-updates/main amd64 libpulse0 amd64 1:15.99.1+dfsg1-1ubuntu2.2 [298 kB]
#7 45.18 Get:168 http://archive.ubuntu.com/ubuntu jammy/universe amd64 libsphinxbase3 amd64 0.8+5prealpha+1-13build1 [126 kB]
#7 45.19 Get:169 http://archive.ubuntu.com/ubuntu jammy/universe amd64 libpocketsphinx3 amd64 0.8.0+real5prealpha+1-14ubuntu1 [132 kB]
#7 45.19 Get:170 http://archive.ubuntu.com/ubuntu jammy-updates/universe amd64 libpostproc55 amd64 7:4.4.2-0ubuntu0.22.04.1 [60.1 kB]
#7 45.20 Get:171 http://archive.ubuntu.com/ubuntu jammy/main amd64 libsamplerate0 amd64 0.2.2-1build1 [1359 kB]
#7 45.25 Get:172 http://archive.ubuntu.com/ubuntu jammy/universe amd64 librubberband2 amd64 2.0.0-2 [90.0 kB]
#7 45.26 Get:173 http://archive.ubuntu.com/ubuntu jammy-updates/universe amd64 libswscale5 amd64 7:4.4.2-0ubuntu0.22.04.1 [180 kB]
#7 45.27 Get:174 http://archive.ubuntu.com/ubuntu jammy/universe amd64 libvidstab1.1 amd64 1.1.0-2 [35.0 kB]
#7 45.27 Get:175 http://archive.ubuntu.com/ubuntu jammy/universe amd64 libzimg2 amd64 3.0.3+ds1-1 [241 kB]
#7 45.28 Get:176 http://archive.ubuntu.com/ubuntu jammy-updates/universe amd64 libavfilter7 amd64 7:4.4.2-0ubuntu0.22.04.1 [1496 kB]
#7 45.35 Get:177 http://archive.ubuntu.com/ubuntu jammy-updates/main amd64 libcaca0 amd64 0.99.beta19-2.2ubuntu4.1 [224 kB]
#7 45.36 Get:178 http://archive.ubuntu.com/ubuntu jammy-updates/main amd64 libcdio19 amd64 2.1.0-3ubuntu0.2 [63.6 kB]
#7 45.37 Get:179 http://archive.ubuntu.com/ubuntu jammy/main amd64 libcdio-cdda2 amd64 10.2+2.0.0-1build3 [16.7 kB]
#7 45.37 Get:180 http://archive.ubuntu.com/ubuntu jammy/main amd64 libcdio-paranoia2 amd64 10.2+2.0.0-1build3 [15.9 kB]
#7 45.37 Get:181 http://archive.ubuntu.com/ubuntu jammy/universe amd64 libdc1394-25 amd64 2.2.6-4 [88.8 kB]
#7 45.38 Get:182 http://archive.ubuntu.com/ubuntu jammy/main amd64 libglvnd0 amd64 1.4.0-1 [73.6 kB]
#7 45.38 Get:183 http://archive.ubuntu.com/ubuntu jammy-updates/main amd64 libglapi-mesa amd64 23.2.1-1ubuntu3.1~22.04.3 [35.4 kB]
#7 45.38 Get:184 http://archive.ubuntu.com/ubuntu jammy/main amd64 libxcb-dri2-0 amd64 1.14-3ubuntu3 [7206 B]
#7 45.39 Get:185 http://archive.ubuntu.com/ubuntu jammy/main amd64 libxcb-dri3-0 amd64 1.14-3ubuntu3 [6968 B]
#7 45.44 Get:186 http://archive.ubuntu.com/ubuntu jammy/main amd64 libxcb-glx0 amd64 1.14-3ubuntu3 [25.9 kB]
#7 45.45 Get:187 http://archive.ubuntu.com/ubuntu jammy/main amd64 libxcb-present0 amd64 1.14-3ubuntu3 [5734 B]
#7 45.45 Get:188 http://archive.ubuntu.com/ubuntu jammy/main amd64 libxcb-randr0 amd64 1.14-3ubuntu3 [18.3 kB]
#7 45.45 Get:189 http://archive.ubuntu.com/ubuntu jammy/main amd64 libxcb-sync1 amd64 1.14-3ubuntu3 [9416 B]
#7 45.46 Get:190 http://archive.ubuntu.com/ubuntu jammy/main amd64 libxcb-xfixes0 amd64 1.14-3ubuntu3 [9996 B]
#7 45.46 Get:191 http://archive.ubuntu.com/ubuntu jammy/main amd64 libxshmfence1 amd64 1.3-1build4 [5394 B]
#7 45.46 Get:192 http://archive.ubuntu.com/ubuntu jammy/main amd64 libxxf86vm1 amd64 1:1.1.4-1build3 [10.4 kB]
#7 45.46 Get:193 http://archive.ubuntu.com/ubuntu jammy-updates/main amd64 libdrm-amdgpu1 amd64 2.4.113-2~ubuntu0.22.04.1 [19.9 kB]
#7 45.47 Get:194 http://archive.ubuntu.com/ubuntu jammy/main amd64 libpciaccess0 amd64 0.16-3 [19.1 kB]
#7 45.47 Get:195 http://archive.ubuntu.com/ubuntu jammy-updates/main amd64 libdrm-intel1 amd64 2.4.113-2~ubuntu0.22.04.1 [66.7 kB]
#7 45.52 Get:196 http://archive.ubuntu.com/ubuntu jammy-updates/main amd64 libdrm-nouveau2 amd64 2.4.113-2~ubuntu0.22.04.1 [17.5 kB]
#7 45.53 Get:197 http://archive.ubuntu.com/ubuntu jammy-updates/main amd64 libdrm-radeon1 amd64 2.4.113-2~ubuntu0.22.04.1 [21.6 kB]
#7 45.53 Get:198 http://archive.ubuntu.com/ubuntu jammy-updates/main amd64 libllvm15 amd64 1:15.0.7-0ubuntu0.22.04.3 [25.4 MB]
#7 47.59 Get:199 http://archive.ubuntu.com/ubuntu jammy/main amd64 libsensors-config all 1:3.6.0-7ubuntu1 [5274 B]
#7 47.59 Get:200 http://archive.ubuntu.com/ubuntu jammy/main amd64 libsensors5 amd64 1:3.6.0-7ubuntu1 [26.3 kB]
#7 47.59 Get:201 http://archive.ubuntu.com/ubuntu jammy-updates/main amd64 libgl1-mesa-dri amd64 23.2.1-1ubuntu3.1~22.04.3 [8860 kB]
#7 48.35 Get:202 http://archive.ubuntu.com/ubuntu jammy-updates/main amd64 libglx-mesa0 amd64 23.2.1-1ubuntu3.1~22.04.3 [158 kB]
#7 48.58 Get:203 http://archive.ubuntu.com/ubuntu jammy/main amd64 libglx0 amd64 1.4.0-1 [41.0 kB]
#7 48.86 Get:204 http://archive.ubuntu.com/ubuntu jammy/main amd64 libgl1 amd64 1.4.0-1 [110 kB]
#7 48.99 Get:205 http://archive.ubuntu.com/ubuntu jammy/main amd64 libiec61883-0 amd64 1.2.0-4build3 [25.9 kB]
#7 49.02 Get:206 http://archive.ubuntu.com/ubuntu jammy/main amd64 libjack-jackd2-0 amd64 1.9.20~dfsg-1 [293 kB]
#7 49.14 Get:207 http://archive.ubuntu.com/ubuntu jammy/universe amd64 libopenal-data all 1:1.19.1-2build3 [164 kB]
#7 49.18 Get:208 http://archive.ubuntu.com/ubuntu jammy/universe amd64 libsndio7.0 amd64 1.8.1-1.1 [29.3 kB]
#7 49.20 Get:209 http://archive.ubuntu.com/ubuntu jammy/universe amd64 libopenal1 amd64 1:1.19.1-2build3 [535 kB]
#7 49.28 Get:210 http://archive.ubuntu.com/ubuntu jammy-updates/main amd64 libwayland-client0 amd64 1.20.0-1ubuntu0.1 [25.9 kB]
#7 49.28 Get:211 http://archive.ubuntu.com/ubuntu jammy/main amd64 libdecor-0-0 amd64 0.1.0-3build1 [15.1 kB]
#7 49.28 Get:212 http://archive.ubuntu.com/ubuntu jammy-updates/main amd64 libwayland-server0 amd64 1.20.0-1ubuntu0.1 [34.3 kB]
#7 49.29 Get:213 http://archive.ubuntu.com/ubuntu jammy-updates/main amd64 libgbm1 amd64 23.2.1-1ubuntu3.1~22.04.3 [33.5 kB]
#7 49.29 Get:214 http://archive.ubuntu.com/ubuntu jammy-updates/main amd64 libwayland-cursor0 amd64 1.20.0-1ubuntu0.1 [10.7 kB]
#7 49.30 Get:215 http://archive.ubuntu.com/ubuntu jammy-updates/main amd64 libwayland-egl1 amd64 1.20.0-1ubuntu0.1 [5582 B]
#7 49.30 Get:216 http://archive.ubuntu.com/ubuntu jammy/main amd64 libxcursor1 amd64 1:1.2.0-2build4 [20.9 kB]
#7 49.31 Get:217 http://archive.ubuntu.com/ubuntu jammy/main amd64 libxi6 amd64 2:1.8-1build1 [32.6 kB]
#7 49.31 Get:218 http://archive.ubuntu.com/ubuntu jammy/main amd64 libxinerama1 amd64 2:1.1.4-3 [7382 B]
#7 49.37 Get:219 http://archive.ubuntu.com/ubuntu jammy/main amd64 libxkbcommon0 amd64 1.4.0-1 [125 kB]
#7 49.38 Get:220 http://archive.ubuntu.com/ubuntu jammy/main amd64 libxrandr2 amd64 2:1.5.2-1build1 [20.4 kB]
#7 49.38 Get:221 http://archive.ubuntu.com/ubuntu jammy/main amd64 x11-common all 1:7.7+23ubuntu2 [23.4 kB]
#7 49.39 Get:222 http://archive.ubuntu.com/ubuntu jammy/main amd64 libxss1 amd64 1:1.2.3-1build2 [8476 B]
#7 49.39 Get:223 http://archive.ubuntu.com/ubuntu jammy-updates/main amd64 libsdl2-2.0-0 amd64 2.0.20+dfsg-2ubuntu1.22.04.1 [582 kB]
#7 49.43 Get:224 http://archive.ubuntu.com/ubuntu jammy/main amd64 libxcb-shape0 amd64 1.14-3ubuntu3 [6158 B]
#7 49.43 Get:225 http://archive.ubuntu.com/ubuntu jammy/main amd64 libxv1 amd64 2:1.0.11-1build2 [11.2 kB]
#7 49.43 Get:226 http://archive.ubuntu.com/ubuntu jammy-updates/universe amd64 libavdevice58 amd64 7:4.4.2-0ubuntu0.22.04.1 [87.5 kB]
#7 49.44 Get:227 http://archive.ubuntu.com/ubuntu jammy-updates/universe amd64 ffmpeg amd64 7:4.4.2-0ubuntu0.22.04.1 [1696 kB]
#7 49.53 Get:228 http://archive.ubuntu.com/ubuntu jammy-updates/main amd64 python3-numpy amd64 1:1.21.5-1ubuntu22.04.1 [3467 kB]
#7 49.70 Get:229 http://archive.ubuntu.com/ubuntu jammy/universe amd64 gdal-data all 3.4.1+dfsg-1build4 [216 kB]
#7 49.72 Get:230 http://archive.ubuntu.com/ubuntu jammy/universe amd64 libarpack2 amd64 3.8.0-1 [92.4 kB]
#7 49.72 Get:231 http://archive.ubuntu.com/ubuntu jammy/universe amd64 libsuperlu5 amd64 5.3.0+dfsg1-2 [183 kB]
#7 49.73 Get:232 http://archive.ubuntu.com/ubuntu jammy/universe amd64 libarmadillo10 amd64 1:10.8.2+dfsg-1 [105 kB]
#7 49.74 Get:233 http://archive.ubuntu.com/ubuntu jammy/universe amd64 libblosc1 amd64 1.21.1+ds2-2 [35.8 kB]
#7 49.74 Get:234 http://archive.ubuntu.com/ubuntu jammy/universe amd64 libcfitsio9 amd64 4.0.0-1 [519 kB]
#7 49.77 Get:235 http://archive.ubuntu.com/ubuntu jammy/universe amd64 libcharls2 amd64 2.3.4-1 [87.0 kB]
#7 49.77 Get:236 http://archive.ubuntu.com/ubuntu jammy/universe amd64 libfreexl1 amd64 1.0.6-1 [33.5 kB]
#7 49.78 Get:237 http://archive.ubuntu.com/ubuntu jammy/universe amd64 libfyba0 amd64 4.1.1-7 [113 kB]
#7 49.80 Get:238 http://archive.ubuntu.com/ubuntu jammy/universe amd64 libgeos3.10.2 amd64 3.10.2-1 [713 kB]
#7 49.84 Get:239 http://archive.ubuntu.com/ubuntu jammy/universe amd64 libgeos-c1v5 amd64 3.10.2-1 [82.5 kB]
#7 49.84 Get:240 http://archive.ubuntu.com/ubuntu jammy/universe amd64 proj-data all 8.2.1-1 [10.0 MB]
#7 50.29 Get:241 http://archive.ubuntu.com/ubuntu jammy/universe amd64 libproj22 amd64 8.2.1-1 [1257 kB]
#7 50.34 Get:242 http://archive.ubuntu.com/ubuntu jammy/universe amd64 libgeotiff5 amd64 1.7.0-2build1 [67.1 kB]
#7 50.34 Get:243 http://archive.ubuntu.com/ubuntu jammy-updates/main amd64 libgif7 amd64 5.1.9-2ubuntu0.1 [33.9 kB]
#7 50.35 Get:244 http://archive.ubuntu.com/ubuntu jammy/universe amd64 libhdf4-0-alt amd64 4.2.15-4 [290 kB]
#7 50.36 Get:245 http://archive.ubuntu.com/ubuntu jammy/universe amd64 libaec0 amd64 1.0.6-1 [20.1 kB]
#7 50.37 Get:246 http://archive.ubuntu.com/ubuntu jammy/universe amd64 libsz2 amd64 1.0.6-1 [5354 B]
#7 50.37 Get:247 http://archive.ubuntu.com/ubuntu jammy/universe amd64 libhdf5-103-1 amd64 1.10.7+repack-4ubuntu2 [1295 kB]
#7 50.46 Get:248 http://archive.ubuntu.com/ubuntu jammy/universe amd64 libminizip1 amd64 1.1-8build1 [20.2 kB]
#7 50.46 Get:249 http://archive.ubuntu.com/ubuntu jammy/universe amd64 liburiparser1 amd64 0.9.6+dfsg-1 [36.4 kB]
#7 50.46 Get:250 http://archive.ubuntu.com/ubuntu jammy/universe amd64 libkmlbase1 amd64 1.3.0-9 [45.0 kB]
#7 50.47 Get:251 http://archive.ubuntu.com/ubuntu jammy/universe amd64 libkmldom1 amd64 1.3.0-9 [150 kB]
#7 50.48 Get:252 http://archive.ubuntu.com/ubuntu jammy/universe amd64 libkmlengine1 amd64 1.3.0-9 [71.7 kB]
#7 50.49 Get:253 http://archive.ubuntu.com/ubuntu jammy/universe amd64 libhdf5-hl-100 amd64 1.10.7+repack-4ubuntu2 [59.1 kB]
#7 50.49 Get:254 http://archive.ubuntu.com/ubuntu jammy/universe amd64 libnetcdf19 amd64 1:4.8.1-1 [456 kB]
#7 50.54 Get:255 http://archive.ubuntu.com/ubuntu jammy-updates/main amd64 libodbc2 amd64 2.3.9-5ubuntu0.1 [159 kB]
#7 50.58 Get:256 http://archive.ubuntu.com/ubuntu jammy-updates/main amd64 unixodbc-common all 2.3.9-5ubuntu0.1 [9256 B]
#7 50.58 Get:257 http://archive.ubuntu.com/ubuntu jammy-updates/main amd64 libodbcinst2 amd64 2.3.9-5ubuntu0.1 [31.9 kB]
#7 50.69 Get:258 http://archive.ubuntu.com/ubuntu jammy/universe amd64 libogdi4.1 amd64 4.1.0+ds-5 [197 kB]
#7 50.73 Get:259 http://archive.ubuntu.com/ubuntu jammy-updates/main amd64 libnspr4 amd64 2:4.35-0ubuntu0.22.04.1 [119 kB]
#7 50.74 Get:260 http://archive.ubuntu.com/ubuntu jammy-updates/main amd64 libnss3 amd64 2:3.98-0ubuntu0.22.04.2 [1347 kB]
#7 50.86 Get:261 http://archive.ubuntu.com/ubuntu jammy-updates/main amd64 libpoppler118 amd64 22.02.0-2ubuntu0.12 [1079 kB]
#7 50.91 Get:262 http://archive.ubuntu.com/ubuntu jammy-updates/main amd64 libpq5 amd64 14.20-0ubuntu0.22.04.1 [153 kB]
#7 50.92 Get:263 http://archive.ubuntu.com/ubuntu jammy/universe amd64 libqhull-r8.0 amd64 2020.2-4 [196 kB]
#7 50.93 Get:264 http://archive.ubuntu.com/ubuntu jammy/universe amd64 librttopo1 amd64 1.1.0-2 [178 kB]
#7 50.94 Get:265 http://archive.ubuntu.com/ubuntu jammy/universe amd64 libspatialite7 amd64 5.0.1-2build2 [2092 kB]
#7 51.06 Get:266 http://archive.ubuntu.com/ubuntu jammy-updates/universe amd64 libxerces-c3.2 amd64 3.2.3+debian-3ubuntu0.1 [929 kB]
#7 51.10 Get:267 http://archive.ubuntu.com/ubuntu jammy/universe amd64 libgdal30 amd64 3.4.1+dfsg-1build4 [7642 kB]
#7 51.41 Get:268 http://archive.ubuntu.com/ubuntu jammy/universe amd64 python3-gdal amd64 3.4.1+dfsg-1build4 [673 kB]
#7 51.44 Get:269 http://archive.ubuntu.com/ubuntu jammy/universe amd64 gdal-bin amd64 3.4.1+dfsg-1build4 [241 kB]
#7 51.46 Get:270 http://archive.ubuntu.com/ubuntu jammy/main amd64 liberror-perl all 0.17029-1 [26.5 kB]
#7 51.46 Get:271 http://archive.ubuntu.com/ubuntu jammy-updates/main amd64 git-man all 1:2.34.1-1ubuntu1.15 [955 kB]
#7 51.52 Get:272 http://archive.ubuntu.com/ubuntu jammy-updates/main amd64 git amd64 1:2.34.1-1ubuntu1.15 [3166 kB]
#7 51.68 Get:273 http://archive.ubuntu.com/ubuntu jammy/universe amd64 hdf5-helpers amd64 1.10.7+repack-4ubuntu2 [14.2 kB]
#7 51.68 Get:274 http://archive.ubuntu.com/ubuntu jammy/main amd64 icu-devtools amd64 70.1-2 [197 kB]
#7 51.69 Get:275 http://archive.ubuntu.com/ubuntu jammy-updates/universe amd64 libaom-dev amd64 3.3.0-1ubuntu0.1 [2093 kB]
#7 51.78 Get:276 http://archive.ubuntu.com/ubuntu jammy/main amd64 libblas-dev amd64 3.10.0-2ubuntu1 [164 kB]
#7 51.79 Get:277 http://archive.ubuntu.com/ubuntu jammy/main amd64 liblapack-dev amd64 3.10.0-2ubuntu1 [4774 kB]
#7 52.19 Get:278 http://archive.ubuntu.com/ubuntu jammy/universe amd64 libarpack2-dev amd64 3.8.0-1 [105 kB]
#7 52.23 Get:279 http://archive.ubuntu.com/ubuntu jammy/universe amd64 libhdf5-fortran-102 amd64 1.10.7+repack-4ubuntu2 [90.9 kB]
#7 52.28 Get:280 http://archive.ubuntu.com/ubuntu jammy/universe amd64 libhdf5-hl-fortran-100 amd64 1.10.7+repack-4ubuntu2 [33.8 kB]
#7 52.30 Get:281 http://archive.ubuntu.com/ubuntu jammy/universe amd64 libhdf5-cpp-103-1 amd64 1.10.7+repack-4ubuntu2 [129 kB]
#7 52.47 Get:282 http://archive.ubuntu.com/ubuntu jammy/universe amd64 libhdf5-hl-cpp-100 amd64 1.10.7+repack-4ubuntu2 [10.6 kB]
#7 52.48 Get:283 http://archive.ubuntu.com/ubuntu jammy/main amd64 libjpeg-turbo8-dev amd64 2.1.2-0ubuntu1 [257 kB]
#7 52.62 Get:284 http://archive.ubuntu.com/ubuntu jammy/main amd64 libjpeg8-dev amd64 8c-2ubuntu10 [1476 B]
#7 52.63 Get:285 http://archive.ubuntu.com/ubuntu jammy/main amd64 libjpeg-dev amd64 8c-2ubuntu10 [1472 B]
#7 52.63 Get:286 http://archive.ubuntu.com/ubuntu jammy/universe amd64 libaec-dev amd64 1.0.6-1 [17.9 kB]
#7 52.64 Get:287 http://archive.ubuntu.com/ubuntu jammy-updates/main amd64 libcurl4-openssl-dev amd64 7.81.0-1ubuntu1.21 [386 kB]
#7 52.82 Get:288 http://archive.ubuntu.com/ubuntu jammy/universe amd64 libhdf5-dev amd64 1.10.7+repack-4ubuntu2 [2684 kB]
#7 54.25 Get:289 http://archive.ubuntu.com/ubuntu jammy/universe amd64 libsuperlu-dev amd64 5.3.0+dfsg1-2 [20.0 kB]
#7 54.27 Get:290 http://archive.ubuntu.com/ubuntu jammy/universe amd64 libarmadillo-dev amd64 1:10.8.2+dfsg-1 [399 kB]
#7 54.48 Get:291 http://archive.ubuntu.com/ubuntu jammy/universe amd64 libblosc-dev amd64 1.21.1+ds2-2 [44.1 kB]
#7 54.51 Get:292 http://archive.ubuntu.com/ubuntu jammy/main amd64 libboost1.74-dev amd64 1.74.0-14ubuntu3 [9609 kB]
#7 57.32 Get:293 http://archive.ubuntu.com/ubuntu jammy/main amd64 libboost-dev amd64 1.74.0.3ubuntu7 [3490 B]
#7 57.32 Get:294 http://archive.ubuntu.com/ubuntu jammy/universe amd64 libcfitsio-dev amd64 4.0.0-1 [591 kB]
#7 57.37 Get:295 http://archive.ubuntu.com/ubuntu jammy/universe amd64 libcgif0 amd64 0.2.0-1 [9636 B]
#7 57.37 Get:296 http://archive.ubuntu.com/ubuntu jammy/universe amd64 libcharls-dev amd64 2.3.4-1 [22.4 kB]
#7 57.37 Get:297 http://archive.ubuntu.com/ubuntu jammy/universe amd64 libdav1d-dev amd64 0.9.2-1 [24.1 kB]
#7 57.38 Get:298 http://archive.ubuntu.com/ubuntu jammy-updates/universe amd64 libde265-dev amd64 1.0.8-1ubuntu0.3 [12.3 kB]
#7 57.38 Get:299 http://archive.ubuntu.com/ubuntu jammy/main amd64 libdeflate-dev amd64 1.10-2 [59.2 kB]
#7 57.38 Get:300 http://archive.ubuntu.com/ubuntu jammy-updates/main amd64 libegl-mesa0 amd64 23.2.1-1ubuntu3.1~22.04.3 [118 kB]
#7 57.39 Get:301 http://archive.ubuntu.com/ubuntu jammy/main amd64 libexif12 amd64 0.6.24-1build1 [92.5 kB]
#7 57.42 Get:302 http://archive.ubuntu.com/ubuntu jammy/universe amd64 libfyba-dev amd64 4.1.1-7 [166 kB]
#7 57.43 Get:303 http://archive.ubuntu.com/ubuntu jammy/universe amd64 libgeos-dev amd64 3.10.2-1 [46.6 kB]
#7 57.60 Get:304 http://archive.ubuntu.com/ubuntu jammy-updates/main amd64 libgif-dev amd64 5.1.9-2ubuntu0.1 [22.4 kB]
#7 57.76 Get:305 http://archive.ubuntu.com/ubuntu jammy-updates/main amd64 libgsf-1-common all 1.14.47-1ubuntu0.1 [13.0 kB]
#7 57.79 Get:306 http://archive.ubuntu.com/ubuntu jammy-updates/main amd64 libgsf-1-114 amd64 1.14.47-1ubuntu0.1 [111 kB]
#7 57.93 Get:307 http://archive.ubuntu.com/ubuntu jammy/main amd64 libhashkit2 amd64 1.0.18-4.2ubuntu4 [35.9 kB]
#7 57.96 Get:308 http://archive.ubuntu.com/ubuntu jammy/main amd64 libhashkit-dev amd64 1.0.18-4.2ubuntu4 [27.1 kB]
#7 57.97 Get:309 http://archive.ubuntu.com/ubuntu jammy/universe amd64 libx265-dev amd64 3.5-2 [1374 kB]
#7 58.22 Get:310 http://archive.ubuntu.com/ubuntu jammy/universe amd64 libheif-dev amd64 1.12.0-2build1 [26.4 kB]
#7 58.22 Get:311 http://archive.ubuntu.com/ubuntu jammy/main amd64 libice6 amd64 2:1.0.10-1build2 [42.6 kB]
#7 58.23 Get:312 http://archive.ubuntu.com/ubuntu jammy/main amd64 libicu-dev amd64 70.1-2 [11.6 MB]
#7 59.04 Get:313 http://archive.ubuntu.com/ubuntu jammy/universe amd64 libilmbase25 amd64 2.5.7-2 [175 kB]
#7 59.05 Get:314 http://archive.ubuntu.com/ubuntu jammy/main amd64 libimagequant0 amd64 2.17.0-1 [34.6 kB]
#7 59.06 Get:315 http://archive.ubuntu.com/ubuntu jammy/universe amd64 libkmlconvenience1 amd64 1.3.0-9 [45.1 kB]
#7 59.06 Get:316 http://archive.ubuntu.com/ubuntu jammy/universe amd64 libkmlregionator1 amd64 1.3.0-9 [19.9 kB]
#7 59.06 Get:317 http://archive.ubuntu.com/ubuntu jammy/universe amd64 libkmlxsd1 amd64 1.3.0-9 [27.3 kB]
#7 59.06 Get:318 http://archive.ubuntu.com/ubuntu jammy/main amd64 libltdl-dev amd64 2.4.6-15build2 [169 kB]
#7 59.08 Get:319 http://archive.ubuntu.com/ubuntu jammy/universe amd64 libmatio11 amd64 1.5.21-1 [112 kB]
#7 59.09 Get:320 http://archive.ubuntu.com/ubuntu jammy/main amd64 libmemcached11 amd64 1.0.18-4.2ubuntu4 [88.2 kB]
#7 59.09 Get:321 http://archive.ubuntu.com/ubuntu jammy/main amd64 libmemcachedutil2 amd64 1.0.18-4.2ubuntu4 [10.0 kB]
#7 59.14 Get:322 http://archive.ubuntu.com/ubuntu jammy/universe amd64 libminizip-dev amd64 1.1-8build1 [26.7 kB]
#7 59.14 Get:323 http://archive.ubuntu.com/ubuntu jammy/universe amd64 libnetcdf-dev amd64 1:4.8.1-1 [50.3 kB]
#7 59.16 Get:324 http://archive.ubuntu.com/ubuntu jammy-updates/main amd64 libodbccr2 amd64 2.3.9-5ubuntu0.1 [16.7 kB]
#7 59.16 Get:325 http://archive.ubuntu.com/ubuntu jammy/universe amd64 libogdi-dev amd64 4.1.0+ds-5 [22.1 kB]
#7 59.17 Get:326 http://archive.ubuntu.com/ubuntu jammy/universe amd64 libopenexr25 amd64 2.5.7-1 [780 kB]
#7 59.23 Get:327 http://archive.ubuntu.com/ubuntu jammy/universe amd64 libopenslide0 amd64 3.4.1+dfsg-5build1 [89.8 kB]
#7 59.24 Get:328 http://archive.ubuntu.com/ubuntu jammy-updates/main amd64 liborc-0.4-0 amd64 1:0.4.32-2ubuntu0.1 [228 kB]
#7 59.25 Get:329 http://archive.ubuntu.com/ubuntu jammy-updates/main amd64 libpcre2-16-0 amd64 10.39-3ubuntu0.1 [203 kB]
#7 59.27 Get:330 http://archive.ubuntu.com/ubuntu jammy-updates/main amd64 libpcre2-32-0 amd64 10.39-3ubuntu0.1 [194 kB]
#7 59.28 Get:331 http://archive.ubuntu.com/ubuntu jammy-updates/main amd64 libpcre2-posix3 amd64 10.39-3ubuntu0.1 [6130 B]
#7 59.28 Get:332 http://archive.ubuntu.com/ubuntu jammy-updates/main amd64 libpcre2-dev amd64 10.39-3ubuntu0.1 [730 kB]
#7 59.33 Get:333 http://archive.ubuntu.com/ubuntu jammy-updates/main amd64 libpng-dev amd64 1.6.37-3ubuntu0.3 [193 kB]
#7 59.35 Get:334 http://archive.ubuntu.com/ubuntu jammy-updates/main amd64 libpoppler-dev amd64 22.02.0-2ubuntu0.12 [5186 B]
#7 59.35 Get:335 http://archive.ubuntu.com/ubuntu jammy-updates/main amd64 libpoppler-glib8 amd64 22.02.0-2ubuntu0.12 [134 kB]
#7 59.36 Get:336 http://archive.ubuntu.com/ubuntu jammy-updates/main amd64 libpoppler-private-dev amd64 22.02.0-2ubuntu0.12 [199 kB]
#7 59.37 Get:337 http://archive.ubuntu.com/ubuntu jammy-updates/main amd64 libpq-dev amd64 14.20-0ubuntu0.22.04.1 [149 kB]
#7 59.38 Get:338 http://archive.ubuntu.com/ubuntu jammy/universe amd64 libqhull8.0 amd64 2020.2-4 [193 kB]
#7 59.40 Get:339 http://archive.ubuntu.com/ubuntu jammy/universe amd64 libqhullcpp8.0 amd64 2020.2-4 [53.0 kB]
#7 59.40 Get:340 http://archive.ubuntu.com/ubuntu jammy/universe amd64 libqhull-dev amd64 2020.2-4 [502 kB]
#7 59.44 Get:341 http://archive.ubuntu.com/ubuntu jammy/universe amd64 librttopo-dev amd64 1.1.0-2 [220 kB]
#7 59.46 Get:342 http://archive.ubuntu.com/ubuntu jammy-updates/main amd64 libsasl2-dev amd64 2.1.27+dfsg2-3ubuntu1.2 [248 kB]
#7 59.47 Get:343 http://archive.ubuntu.com/ubuntu jammy/main amd64 libsm6 amd64 2:1.2.3-1build2 [16.7 kB]
#7 59.48 Get:344 http://archive.ubuntu.com/ubuntu jammy-updates/main amd64 libsqlite3-dev amd64 3.37.2-2ubuntu0.5 [847 kB]
#7 59.54 Get:345 http://archive.ubuntu.com/ubuntu jammy-updates/main amd64 libjbig-dev amd64 2.1-3.1ubuntu0.22.04.1 [27.4 kB]
#7 59.56 Get:346 http://archive.ubuntu.com/ubuntu jammy/main amd64 liblzma-dev amd64 5.2.5-2ubuntu1 [159 kB]
#7 59.56 Get:347 http://archive.ubuntu.com/ubuntu jammy-updates/main amd64 libtiffxx5 amd64 4.3.0-6ubuntu0.12 [5732 B]
#7 59.56 Get:348 http://archive.ubuntu.com/ubuntu jammy-updates/main amd64 libtiff-dev amd64 4.3.0-6ubuntu0.12 [316 kB]
#7 59.58 Get:349 http://archive.ubuntu.com/ubuntu jammy/main amd64 libtool all 2.4.6-15build2 [164 kB]
#7 59.59 Get:350 http://archive.ubuntu.com/ubuntu jammy/universe amd64 liburiparser-dev amd64 0.9.6+dfsg-1 [12.2 kB]
#7 59.60 Get:351 http://archive.ubuntu.com/ubuntu jammy/universe amd64 libvips42 amd64 8.12.1-1build1 [1242 kB]
#7 59.68 Get:352 http://archive.ubuntu.com/ubuntu jammy-updates/universe amd64 libxerces-c-dev amd64 3.2.3+debian-3ubuntu0.1 [1820 kB]
#7 59.81 Get:353 http://archive.ubuntu.com/ubuntu jammy-updates/main amd64 libxml2-dev amd64 2.9.13+dfsg-1ubuntu0.11 [805 kB]
#7 59.86 Get:354 http://archive.ubuntu.com/ubuntu jammy-updates/main amd64 libxslt1.1 amd64 1.1.34-4ubuntu0.22.04.5 [165 kB]
#7 59.87 Get:355 http://archive.ubuntu.com/ubuntu jammy/universe amd64 openslide-tools amd64 3.4.1+dfsg-5build1 [13.8 kB]
#7 59.87 Get:356 http://archive.ubuntu.com/ubuntu jammy-updates/main amd64 unzip amd64 6.0-26ubuntu3.2 [175 kB]
#7 59.88 Get:357 http://archive.ubuntu.com/ubuntu jammy/main amd64 libegl1 amd64 1.4.0-1 [28.6 kB]
#7 59.89 Get:358 http://archive.ubuntu.com/ubuntu jammy/universe amd64 libfreexl-dev amd64 1.0.6-1 [31.4 kB]
#7 59.89 Get:359 http://archive.ubuntu.com/ubuntu jammy/universe amd64 libproj-dev amd64 8.2.1-1 [1594 kB]
#7 59.99 Get:360 http://archive.ubuntu.com/ubuntu jammy/universe amd64 libgeotiff-dev amd64 1.7.0-2build1 [92.4 kB]
#7 60.00 Get:361 http://archive.ubuntu.com/ubuntu jammy/universe amd64 libhdf4-alt-dev amd64 4.2.15-4 [406 kB]
#7 60.03 Get:362 http://archive.ubuntu.com/ubuntu jammy-updates/main amd64 libjson-c-dev amd64 0.15-3~ubuntu1.22.04.2 [60.5 kB]
#7 60.03 Get:363 http://archive.ubuntu.com/ubuntu jammy/universe amd64 libkml-dev amd64 1.3.0-9 [933 kB]
#7 60.09 Get:364 http://archive.ubuntu.com/ubuntu jammy/main amd64 liblz4-dev amd64 1.9.3-2build2 [80.7 kB]
#7 60.10 Get:365 http://archive.ubuntu.com/ubuntu jammy-updates/main amd64 libopenjp2-7-dev amd64 2.4.0-6ubuntu0.4 [245 kB]
#7 60.11 Get:366 http://archive.ubuntu.com/ubuntu jammy/universe amd64 libspatialite-dev amd64 5.0.1-2build2 [2397 kB]
#7 60.26 Get:367 http://archive.ubuntu.com/ubuntu jammy-updates/main amd64 libwebp-dev amd64 1.2.2-2ubuntu0.22.04.2 [298 kB]
#7 60.28 Get:368 http://archive.ubuntu.com/ubuntu jammy-updates/main amd64 unixodbc-dev amd64 2.3.9-5ubuntu0.1 [248 kB]
#7 60.30 Get:369 http://archive.ubuntu.com/ubuntu jammy/universe amd64 libgdal-dev amd64 3.4.1+dfsg-1build4 [10.6 MB]
#7 60.94 Get:370 http://archive.ubuntu.com/ubuntu jammy/main amd64 libmemcached-dev amd64 1.0.18-4.2ubuntu4 [251 kB]
#7 62.81 debconf: delaying package configuration, since apt-utils is not installed
#7 63.00 Fetched 229 MB in 22s (10.6 MB/s)
#7 63.19 (Reading database ... (Reading database ... 5%(Reading database ... 10%(Reading database ... 15%(Reading database ... 20%(Reading database ... 25%(Reading database ... 30%(Reading database ... 35%(Reading database ... 40%(Reading database ... 45%(Reading database ... 50%(Reading database ... 55%(Reading database ... 60%(Reading database ... 65%(Reading database ... 70%(Reading database ... 75%(Reading database ... 80%(Reading database ... 85%(Reading database ... 90%(Reading database ... 95%(Reading database ... 100%(Reading database ... 18953 files and directories currently installed.)
#7 63.52 Preparing to unpack .../libatomic1_12.3.0-1ubuntu1~22.04.2_amd64.deb ...
#7 63.55 Unpacking libatomic1:amd64 (12.3.0-1ubuntu1~22.04.2) over (12.3.0-1ubuntu1~22.04) ...
#7 63.85 Preparing to unpack .../libubsan1_12.3.0-1ubuntu1~22.04.2_amd64.deb ...
#7 63.86 Unpacking libubsan1:amd64 (12.3.0-1ubuntu1~22.04.2) over (12.3.0-1ubuntu1~22.04) ...
#7 64.10 Preparing to unpack .../gcc-12-base_12.3.0-1ubuntu1~22.04.2_amd64.deb ...
#7 64.11 Unpacking gcc-12-base:amd64 (12.3.0-1ubuntu1~22.04.2) over (12.3.0-1ubuntu1~22.04) ...
#7 64.26 Setting up gcc-12-base:amd64 (12.3.0-1ubuntu1~22.04.2) ...
#7 64.42 (Reading database ... (Reading database ... 5%(Reading database ... 10%(Reading database ... 15%(Reading database ... 20%(Reading database ... 25%(Reading database ... 30%(Reading database ... 35%(Reading database ... 40%(Reading database ... 45%(Reading database ... 50%(Reading database ... 55%(Reading database ... 60%(Reading database ... 65%(Reading database ... 70%(Reading database ... 75%(Reading database ... 80%(Reading database ... 85%(Reading database ... 90%(Reading database ... 95%(Reading database ... 100%(Reading database ... 18953 files and directories currently installed.)
#7 64.44 Preparing to unpack .../libstdc++6_12.3.0-1ubuntu1~22.04.2_amd64.deb ...
#7 64.67 Unpacking libstdc++6:amd64 (12.3.0-1ubuntu1~22.04.2) over (12.3.0-1ubuntu1~22.04) ...
#7 64.89 Setting up libstdc++6:amd64 (12.3.0-1ubuntu1~22.04.2) ...
#7 65.05 (Reading database ... (Reading database ... 5%(Reading database ... 10%(Reading database ... 15%(Reading database ... 20%(Reading database ... 25%(Reading database ... 30%(Reading database ... 35%(Reading database ... 40%(Reading database ... 45%(Reading database ... 50%(Reading database ... 55%(Reading database ... 60%(Reading database ... 65%(Reading database ... 70%(Reading database ... 75%(Reading database ... 80%(Reading database ... 85%(Reading database ... 90%(Reading database ... 95%(Reading database ... 100%(Reading database ... 18953 files and directories currently installed.)
#7 65.08 Preparing to unpack .../0-libquadmath0_12.3.0-1ubuntu1~22.04.2_amd64.deb ...
#7 65.09 Unpacking libquadmath0:amd64 (12.3.0-1ubuntu1~22.04.2) over (12.3.0-1ubuntu1~22.04) ...
#7 65.28 Preparing to unpack .../1-liblsan0_12.3.0-1ubuntu1~22.04.2_amd64.deb ...
#7 65.29 Unpacking liblsan0:amd64 (12.3.0-1ubuntu1~22.04.2) over (12.3.0-1ubuntu1~22.04) ...
#7 65.59 Preparing to unpack .../2-libitm1_12.3.0-1ubuntu1~22.04.2_amd64.deb ...
#7 65.60 Unpacking libitm1:amd64 (12.3.0-1ubuntu1~22.04.2) over (12.3.0-1ubuntu1~22.04) ...
#7 65.75 Preparing to unpack .../3-libgomp1_12.3.0-1ubuntu1~22.04.2_amd64.deb ...
#7 65.76 Unpacking libgomp1:amd64 (12.3.0-1ubuntu1~22.04.2) over (12.3.0-1ubuntu1~22.04) ...
#7 65.91 Preparing to unpack .../4-libcc1-0_12.3.0-1ubuntu1~22.04.2_amd64.deb ...
#7 65.92 Unpacking libcc1-0:amd64 (12.3.0-1ubuntu1~22.04.2) over (12.3.0-1ubuntu1~22.04) ...
#7 66.08 Preparing to unpack .../5-libgcc-s1_12.3.0-1ubuntu1~22.04.2_amd64.deb ...
#7 66.09 Unpacking libgcc-s1:amd64 (12.3.0-1ubuntu1~22.04.2) over (12.3.0-1ubuntu1~22.04) ...
#7 66.25 Setting up libgcc-s1:amd64 (12.3.0-1ubuntu1~22.04.2) ...
#7 66.42 Selecting previously unselected package libfftw3-double3:amd64.
#7 66.42 (Reading database ... (Reading database ... 5%(Reading database ... 10%(Reading database ... 15%(Reading database ... 20%(Reading database ... 25%(Reading database ... 30%(Reading database ... 35%(Reading database ... 40%(Reading database ... 45%(Reading database ... 50%(Reading database ... 55%(Reading database ... 60%(Reading database ... 65%(Reading database ... 70%(Reading database ... 75%(Reading database ... 80%(Reading database ... 85%(Reading database ... 90%(Reading database ... 95%(Reading database ... 100%(Reading database ... 18953 files and directories currently installed.)
#7 66.44 Preparing to unpack .../00-libfftw3-double3_3.3.8-2ubuntu8_amd64.deb ...
#7 66.45 Unpacking libfftw3-double3:amd64 (3.3.8-2ubuntu8) ...
#7 66.81 Preparing to unpack .../01-libexpat1-dev_2.4.7-1ubuntu0.6_amd64.deb ...
#7 66.82 Unpacking libexpat1-dev:amd64 (2.4.7-1ubuntu0.6) over (2.4.7-1ubuntu0.2) ...
#7 67.04 Preparing to unpack .../02-libexpat1_2.4.7-1ubuntu0.6_amd64.deb ...
#7 67.05 Unpacking libexpat1:amd64 (2.4.7-1ubuntu0.6) over (2.4.7-1ubuntu0.2) ...
#7 67.23 Selecting previously unselected package libpng16-16:amd64.
#7 67.24 Preparing to unpack .../03-libpng16-16_1.6.37-3ubuntu0.3_amd64.deb ...
#7 67.24 Unpacking libpng16-16:amd64 (1.6.37-3ubuntu0.3) ...
#7 67.39 Selecting previously unselected package libfreetype6:amd64.
#7 67.40 Preparing to unpack .../04-libfreetype6_2.11.1+dfsg-1ubuntu0.3_amd64.deb ...
#7 67.40 Unpacking libfreetype6:amd64 (2.11.1+dfsg-1ubuntu0.3) ...
#7 67.54 Selecting previously unselected package ucf.
#7 67.55 Preparing to unpack .../05-ucf_3.0043_all.deb ...
#7 67.57 Moving old data out of the way
#7 67.59 Unpacking ucf (3.0043) ...
#7 67.73 Selecting previously unselected package fonts-dejavu-core.
#7 67.73 Preparing to unpack .../06-fonts-dejavu-core_2.37-2build1_all.deb ...
#7 67.74 Unpacking fonts-dejavu-core (2.37-2build1) ...
#7 68.17 Selecting previously unselected package fontconfig-config.
#7 68.17 Preparing to unpack .../07-fontconfig-config_2.13.1-4.2ubuntu5_all.deb ...
#7 68.18 Unpacking fontconfig-config (2.13.1-4.2ubuntu5) ...
#7 68.42 Selecting previously unselected package libfontconfig1:amd64.
#7 68.43 Preparing to unpack .../08-libfontconfig1_2.13.1-4.2ubuntu5_amd64.deb ...
#7 68.43 Unpacking libfontconfig1:amd64 (2.13.1-4.2ubuntu5) ...
#7 68.58 Selecting previously unselected package libaom3:amd64.
#7 68.58 Preparing to unpack .../09-libaom3_3.3.0-1ubuntu0.1_amd64.deb ...
#7 68.59 Unpacking libaom3:amd64 (3.3.0-1ubuntu0.1) ...
#7 68.81 Selecting previously unselected package libdav1d5:amd64.
#7 68.81 Preparing to unpack .../10-libdav1d5_0.9.2-1_amd64.deb ...
#7 68.81 Unpacking libdav1d5:amd64 (0.9.2-1) ...
#7 68.97 Selecting previously unselected package libde265-0:amd64.
#7 68.97 Preparing to unpack .../11-libde265-0_1.0.8-1ubuntu0.3_amd64.deb ...
#7 68.97 Unpacking libde265-0:amd64 (1.0.8-1ubuntu0.3) ...
#7 69.12 Selecting previously unselected package libnuma1:amd64.
#7 69.12 Preparing to unpack .../12-libnuma1_2.0.14-3ubuntu2_amd64.deb ...
#7 69.12 Unpacking libnuma1:amd64 (2.0.14-3ubuntu2) ...
#7 69.26 Selecting previously unselected package libx265-199:amd64.
#7 69.27 Preparing to unpack .../13-libx265-199_3.5-2_amd64.deb ...
#7 69.27 Unpacking libx265-199:amd64 (3.5-2) ...
#7 69.72 Selecting previously unselected package libheif1:amd64.
#7 69.72 Preparing to unpack .../14-libheif1_1.12.0-2build1_amd64.deb ...
#7 69.73 Unpacking libheif1:amd64 (1.12.0-2build1) ...
#7 69.93 Selecting previously unselected package libjbig0:amd64.
#7 69.93 Preparing to unpack .../15-libjbig0_2.1-3.1ubuntu0.22.04.1_amd64.deb ...
#7 69.94 Unpacking libjbig0:amd64 (2.1-3.1ubuntu0.22.04.1) ...
#7 70.09 Selecting previously unselected package libjpeg-turbo8:amd64.
#7 70.10 Preparing to unpack .../16-libjpeg-turbo8_2.1.2-0ubuntu1_amd64.deb ...
#7 70.10 Unpacking libjpeg-turbo8:amd64 (2.1.2-0ubuntu1) ...
#7 70.27 Selecting previously unselected package libjpeg8:amd64.
#7 70.28 Preparing to unpack .../17-libjpeg8_8c-2ubuntu10_amd64.deb ...
#7 70.28 Unpacking libjpeg8:amd64 (8c-2ubuntu10) ...
#7 70.46 Selecting previously unselected package liblcms2-2:amd64.
#7 70.46 Preparing to unpack .../18-liblcms2-2_2.12~rc1-2build2_amd64.deb ...
#7 70.46 Unpacking liblcms2-2:amd64 (2.12~rc1-2build2) ...
#7 70.64 Selecting previously unselected package liblqr-1-0:amd64.
#7 70.64 Preparing to unpack .../19-liblqr-1-0_0.4.2-2.1_amd64.deb ...
#7 70.64 Unpacking liblqr-1-0:amd64 (0.4.2-2.1) ...
#7 70.79 Selecting previously unselected package libltdl7:amd64.
#7 70.79 Preparing to unpack .../20-libltdl7_2.4.6-15build2_amd64.deb ...
#7 70.79 Unpacking libltdl7:amd64 (2.4.6-15build2) ...
#7 70.93 Selecting previously unselected package libopenjp2-7:amd64.
#7 70.93 Preparing to unpack .../21-libopenjp2-7_2.4.0-6ubuntu0.4_amd64.deb ...
#7 70.93 Unpacking libopenjp2-7:amd64 (2.4.0-6ubuntu0.4) ...
#7 71.07 Selecting previously unselected package libdeflate0:amd64.
#7 71.07 Preparing to unpack .../22-libdeflate0_1.10-2_amd64.deb ...
#7 71.07 Unpacking libdeflate0:amd64 (1.10-2) ...
#7 71.20 Selecting previously unselected package libwebp7:amd64.
#7 71.20 Preparing to unpack .../23-libwebp7_1.2.2-2ubuntu0.22.04.2_amd64.deb ...
#7 71.21 Unpacking libwebp7:amd64 (1.2.2-2ubuntu0.22.04.2) ...
#7 71.34 Selecting previously unselected package libtiff5:amd64.
#7 71.34 Preparing to unpack .../24-libtiff5_4.3.0-6ubuntu0.12_amd64.deb ...
#7 71.35 Unpacking libtiff5:amd64 (4.3.0-6ubuntu0.12) ...
#7 71.49 Selecting previously unselected package libwebpdemux2:amd64.
#7 71.49 Preparing to unpack .../25-libwebpdemux2_1.2.2-2ubuntu0.22.04.2_amd64.deb ...
#7 71.50 Unpacking libwebpdemux2:amd64 (1.2.2-2ubuntu0.22.04.2) ...
#7 71.62 Selecting previously unselected package libwebpmux3:amd64.
#7 71.63 Preparing to unpack .../26-libwebpmux3_1.2.2-2ubuntu0.22.04.2_amd64.deb ...
#7 71.63 Unpacking libwebpmux3:amd64 (1.2.2-2ubuntu0.22.04.2) ...
#7 71.76 Selecting previously unselected package libxau6:amd64.
#7 71.77 Preparing to unpack .../27-libxau6_1%3a1.0.9-1build5_amd64.deb ...
#7 71.77 Unpacking libxau6:amd64 (1:1.0.9-1build5) ...
#7 71.90 Selecting previously unselected package libmd0:amd64.
#7 71.90 Preparing to unpack .../28-libmd0_1.0.4-1build1_amd64.deb ...
#7 71.91 Unpacking libmd0:amd64 (1.0.4-1build1) ...
#7 72.04 Selecting previously unselected package libbsd0:amd64.
#7 72.04 Preparing to unpack .../29-libbsd0_0.11.5-1_amd64.deb ...
#7 72.04 Unpacking libbsd0:amd64 (0.11.5-1) ...
#7 72.17 Selecting previously unselected package libxdmcp6:amd64.
#7 72.18 Preparing to unpack .../30-libxdmcp6_1%3a1.1.3-0ubuntu5_amd64.deb ...
#7 72.18 Unpacking libxdmcp6:amd64 (1:1.1.3-0ubuntu5) ...
#7 72.31 Selecting previously unselected package libxcb1:amd64.
#7 72.31 Preparing to unpack .../31-libxcb1_1.14-3ubuntu3_amd64.deb ...
#7 72.32 Unpacking libxcb1:amd64 (1.14-3ubuntu3) ...
#7 72.47 Selecting previously unselected package libx11-data.
#7 72.47 Preparing to unpack .../32-libx11-data_2%3a1.7.5-1ubuntu0.3_all.deb ...
#7 72.48 Unpacking libx11-data (2:1.7.5-1ubuntu0.3) ...
#7 72.71 Selecting previously unselected package libx11-6:amd64.
#7 72.71 Preparing to unpack .../33-libx11-6_2%3a1.7.5-1ubuntu0.3_amd64.deb ...
#7 72.71 Unpacking libx11-6:amd64 (2:1.7.5-1ubuntu0.3) ...
#7 72.88 Selecting previously unselected package libxext6:amd64.
#7 72.88 Preparing to unpack .../34-libxext6_2%3a1.3.4-1build1_amd64.deb ...
#7 72.88 Unpacking libxext6:amd64 (2:1.3.4-1build1) ...
#7 73.04 Preparing to unpack .../35-libxml2_2.9.13+dfsg-1ubuntu0.11_amd64.deb ...
#7 73.05 Unpacking libxml2:amd64 (2.9.13+dfsg-1ubuntu0.11) over (2.9.13+dfsg-1ubuntu0.3) ...
#7 73.24 Selecting previously unselected package imagemagick-6-common.
#7 73.25 Preparing to unpack .../36-imagemagick-6-common_8%3a6.9.11.60+dfsg-1.3ubuntu0.22.04.5_all.deb ...
#7 73.25 Unpacking imagemagick-6-common (8:6.9.11.60+dfsg-1.3ubuntu0.22.04.5) ...
#7 73.41 Selecting previously unselected package libmagickcore-6.q16-6:amd64.
#7 73.41 Preparing to unpack .../37-libmagickcore-6.q16-6_8%3a6.9.11.60+dfsg-1.3ubuntu0.22.04.5_amd64.deb ...
#7 73.42 Unpacking libmagickcore-6.q16-6:amd64 (8:6.9.11.60+dfsg-1.3ubuntu0.22.04.5) ...
#7 73.67 Selecting previously unselected package libevent-2.1-7:amd64.
#7 73.68 Preparing to unpack .../38-libevent-2.1-7_2.1.12-stable-1build3_amd64.deb ...
#7 73.68 Unpacking libevent-2.1-7:amd64 (2.1.12-stable-1build3) ...
#7 73.83 Preparing to unpack .../39-libssl3_3.0.2-0ubuntu1.21_amd64.deb ...
#7 73.83 Unpacking libssl3:amd64 (3.0.2-0ubuntu1.21) over (3.0.2-0ubuntu1.10) ...
#7 74.14 Setting up libssl3:amd64 (3.0.2-0ubuntu1.21) ...
#7 74.94 Selecting previously unselected package memcached.
#7 74.94 (Reading database ... (Reading database ... 5%(Reading database ... 10%(Reading database ... 15%(Reading database ... 20%(Reading database ... 25%(Reading database ... 30%(Reading database ... 35%(Reading database ... 40%(Reading database ... 45%(Reading database ... 50%(Reading database ... 55%(Reading database ... 60%(Reading database ... 65%(Reading database ... 70%(Reading database ... 75%(Reading database ... 80%(Reading database ... 85%(Reading database ... 90%(Reading database ... 95%(Reading database ... 100%(Reading database ... 19815 files and directories currently installed.)
#7 74.97 Preparing to unpack .../000-memcached_1.6.14-1ubuntu0.1_amd64.deb ...
#7 74.98 Unpacking memcached (1.6.14-1ubuntu0.1) ...
#7 75.14 Preparing to unpack .../001-ca-certificates_20240203~22.04.1_all.deb ...
#7 75.15 Unpacking ca-certificates (20240203~22.04.1) over (20230311ubuntu0.22.04.1) ...
#7 75.53 Selecting previously unselected package libfribidi0:amd64.
#7 75.54 Preparing to unpack .../002-libfribidi0_1.0.8-2ubuntu3.1_amd64.deb ...
#7 75.54 Unpacking libfribidi0:amd64 (1.0.8-2ubuntu3.1) ...
#7 75.67 Selecting previously unselected package libslang2:amd64.
#7 75.67 Preparing to unpack .../003-libslang2_2.3.2-5build4_amd64.deb ...
#7 75.68 Unpacking libslang2:amd64 (2.3.2-5build4) ...
#7 75.84 Preparing to unpack .../004-libsqlite3-0_3.37.2-2ubuntu0.5_amd64.deb ...
#7 75.84 Unpacking libsqlite3-0:amd64 (3.37.2-2ubuntu0.5) over (3.37.2-2ubuntu0.1) ...
#7 76.03 Selecting previously unselected package shared-mime-info.
#7 76.03 Preparing to unpack .../005-shared-mime-info_2.1-2_amd64.deb ...
#7 76.04 Unpacking shared-mime-info (2.1-2) ...
#7 76.20 Selecting previously unselected package xkb-data.
#7 76.21 Preparing to unpack .../006-xkb-data_2.33-1_all.deb ...
#7 76.21 Unpacking xkb-data (2.33-1) ...
#7 76.44 Selecting previously unselected package libmagic-mgc.
#7 76.45 Preparing to unpack .../007-libmagic-mgc_1%3a5.41-3ubuntu0.1_amd64.deb ...
#7 76.45 Unpacking libmagic-mgc (1:5.41-3ubuntu0.1) ...
#7 76.65 Selecting previously unselected package libmagic1:amd64.
#7 76.65 Preparing to unpack .../008-libmagic1_1%3a5.41-3ubuntu0.1_amd64.deb ...
#7 76.66 Unpacking libmagic1:amd64 (1:5.41-3ubuntu0.1) ...
#7 76.79 Selecting previously unselected package file.
#7 76.80 Preparing to unpack .../009-file_1%3a5.41-3ubuntu0.1_amd64.deb ...
#7 76.80 Unpacking file (1:5.41-3ubuntu0.1) ...
#7 76.95 Selecting previously unselected package libdrm-common.
#7 76.95 Preparing to unpack .../010-libdrm-common_2.4.113-2~ubuntu0.22.04.1_all.deb ...
#7 76.96 Unpacking libdrm-common (2.4.113-2~ubuntu0.22.04.1) ...
#7 77.15 Selecting previously unselected package libdrm2:amd64.
#7 77.15 Preparing to unpack .../011-libdrm2_2.4.113-2~ubuntu0.22.04.1_amd64.deb ...
#7 77.16 Unpacking libdrm2:amd64 (2.4.113-2~ubuntu0.22.04.1) ...
#7 77.30 Selecting previously unselected package libedit2:amd64.
#7 77.30 Preparing to unpack .../012-libedit2_3.1-20210910-1build1_amd64.deb ...
#7 77.30 Unpacking libedit2:amd64 (3.1-20210910-1build1) ...
#7 77.45 Selecting previously unselected package libusb-1.0-0:amd64.
#7 77.45 Preparing to unpack .../013-libusb-1.0-0_2%3a1.0.25-1ubuntu2_amd64.deb ...
#7 77.46 Unpacking libusb-1.0-0:amd64 (2:1.0.25-1ubuntu2) ...
#7 77.61 Selecting previously unselected package libuv1:amd64.
#7 77.61 Preparing to unpack .../014-libuv1_1.43.0-1ubuntu0.1_amd64.deb ...
#7 77.61 Unpacking libuv1:amd64 (1.43.0-1ubuntu0.1) ...
#7 77.75 Preparing to unpack .../015-wget_1.21.2-2ubuntu1.1_amd64.deb ...
#7 77.75 Unpacking wget (1.21.2-2ubuntu1.1) over (1.21.2-2ubuntu1) ...
#7 77.95 Selecting previously unselected package libsigsegv2:amd64.
#7 77.96 Preparing to unpack .../016-libsigsegv2_2.13-1ubuntu3_amd64.deb ...
#7 77.96 Unpacking libsigsegv2:amd64 (2.13-1ubuntu3) ...
#7 78.11 Selecting previously unselected package m4.
#7 78.11 Preparing to unpack .../017-m4_1.4.18-5ubuntu2_amd64.deb ...
#7 78.12 Unpacking m4 (1.4.18-5ubuntu2) ...
#7 78.26 Selecting previously unselected package autoconf.
#7 78.26 Preparing to unpack .../018-autoconf_2.71-2_all.deb ...
#7 78.26 Unpacking autoconf (2.71-2) ...
#7 78.43 Selecting previously unselected package autotools-dev.
#7 78.43 Preparing to unpack .../019-autotools-dev_20220109.1_all.deb ...
#7 78.43 Unpacking autotools-dev (20220109.1) ...
#7 78.57 Selecting previously unselected package automake.
#7 78.57 Preparing to unpack .../020-automake_1%3a1.16.5-1.3_all.deb ...
#7 78.59 Unpacking automake (1:1.16.5-1.3) ...
#7 78.76 Selecting previously unselected package libarchive13:amd64.
#7 78.77 Preparing to unpack .../021-libarchive13_3.6.0-1ubuntu1.5_amd64.deb ...
#7 78.78 Unpacking libarchive13:amd64 (3.6.0-1ubuntu1.5) ...
#7 78.92 Preparing to unpack .../022-curl_7.81.0-1ubuntu1.21_amd64.deb ...
#7 78.93 Unpacking curl (7.81.0-1ubuntu1.21) over (7.81.0-1ubuntu1.14) ...
#7 79.08 Preparing to unpack .../023-libcurl4_7.81.0-1ubuntu1.21_amd64.deb ...
#7 79.09 Unpacking libcurl4:amd64 (7.81.0-1ubuntu1.21) over (7.81.0-1ubuntu1.14) ...
#7 79.27 Selecting previously unselected package libjsoncpp25:amd64.
#7 79.27 Preparing to unpack .../024-libjsoncpp25_1.9.5-3_amd64.deb ...
#7 79.28 Unpacking libjsoncpp25:amd64 (1.9.5-3) ...
#7 79.43 Selecting previously unselected package librhash0:amd64.
#7 79.43 Preparing to unpack .../025-librhash0_1.4.2-1ubuntu1_amd64.deb ...
#7 79.43 Unpacking librhash0:amd64 (1.4.2-1ubuntu1) ...
#7 79.59 Selecting previously unselected package dh-elpa-helper.
#7 79.59 Preparing to unpack .../026-dh-elpa-helper_2.0.9ubuntu1_all.deb ...
#7 79.59 Unpacking dh-elpa-helper (2.0.9ubuntu1) ...
#7 79.74 Selecting previously unselected package emacsen-common.
#7 79.74 Preparing to unpack .../027-emacsen-common_3.0.4_all.deb ...
#7 79.90 Unpacking emacsen-common (3.0.4) ...
#7 80.07 Selecting previously unselected package cmake-data.
#7 80.08 Preparing to unpack .../028-cmake-data_3.22.1-1ubuntu1.22.04.2_all.deb ...
#7 80.20 Unpacking cmake-data (3.22.1-1ubuntu1.22.04.2) ...
#7 81.57 Selecting previously unselected package cmake.
#7 81.58 Preparing to unpack .../029-cmake_3.22.1-1ubuntu1.22.04.2_amd64.deb ...
#7 81.58 Unpacking cmake (3.22.1-1ubuntu1.22.04.2) ...
#7 82.08 Selecting previously unselected package mysql-common.
#7 82.08 Preparing to unpack .../030-mysql-common_5.8+1.0.8_all.deb ...
#7 82.34 Unpacking mysql-common (5.8+1.0.8) ...
#7 82.51 Selecting previously unselected package libmysqlclient21:amd64.
#7 82.51 Preparing to unpack .../031-libmysqlclient21_8.0.44-0ubuntu0.22.04.2_amd64.deb ...
#7 82.51 Unpacking libmysqlclient21:amd64 (8.0.44-0ubuntu0.22.04.2) ...
#7 82.73 Selecting previously unselected package libssl-dev:amd64.
#7 82.74 Preparing to unpack .../032-libssl-dev_3.0.2-0ubuntu1.21_amd64.deb ...
#7 82.74 Unpacking libssl-dev:amd64 (3.0.2-0ubuntu1.21) ...
#7 83.91 Selecting previously unselected package libzstd-dev:amd64.
#7 83.92 Preparing to unpack .../033-libzstd-dev_1.4.8+dfsg-3build1_amd64.deb ...
#7 83.92 Unpacking libzstd-dev:amd64 (1.4.8+dfsg-3build1) ...
#7 84.10 Selecting previously unselected package libmysqlclient-dev.
#7 84.11 Preparing to unpack .../034-libmysqlclient-dev_8.0.44-0ubuntu0.22.04.2_amd64.deb ...
#7 84.11 Unpacking libmysqlclient-dev (8.0.44-0ubuntu0.22.04.2) ...
#7 85.20 Selecting previously unselected package default-libmysqlclient-dev:amd64.
#7 85.20 Preparing to unpack .../035-default-libmysqlclient-dev_1.0.8_amd64.deb ...
#7 85.20 Unpacking default-libmysqlclient-dev:amd64 (1.0.8) ...
#7 85.47 Selecting previously unselected package libva2:amd64.
#7 85.47 Preparing to unpack .../036-libva2_2.14.0-1_amd64.deb ...
#7 85.47 Unpacking libva2:amd64 (2.14.0-1) ...
#7 85.70 Selecting previously unselected package libmfx1:amd64.
#7 85.71 Preparing to unpack .../037-libmfx1_22.3.0-1_amd64.deb ...
#7 85.71 Unpacking libmfx1:amd64 (22.3.0-1) ...
#7 86.33 Selecting previously unselected package libva-drm2:amd64.
#7 86.34 Preparing to unpack .../038-libva-drm2_2.14.0-1_amd64.deb ...
#7 86.34 Unpacking libva-drm2:amd64 (2.14.0-1) ...
#7 86.47 Selecting previously unselected package libxfixes3:amd64.
#7 86.47 Preparing to unpack .../039-libxfixes3_1%3a6.0.0-1_amd64.deb ...
#7 86.48 Unpacking libxfixes3:amd64 (1:6.0.0-1) ...
#7 86.62 Selecting previously unselected package libva-x11-2:amd64.
#7 86.62 Preparing to unpack .../040-libva-x11-2_2.14.0-1_amd64.deb ...
#7 86.62 Unpacking libva-x11-2:amd64 (2.14.0-1) ...
#7 86.76 Selecting previously unselected package libvdpau1:amd64.
#7 86.76 Preparing to unpack .../041-libvdpau1_1.4-3build2_amd64.deb ...
#7 86.77 Unpacking libvdpau1:amd64 (1.4-3build2) ...
#7 86.90 Selecting previously unselected package ocl-icd-libopencl1:amd64.
#7 86.90 Preparing to unpack .../042-ocl-icd-libopencl1_2.2.14-3_amd64.deb ...
#7 86.91 Unpacking ocl-icd-libopencl1:amd64 (2.2.14-3) ...
#7 87.04 Selecting previously unselected package libavutil56:amd64.
#7 87.05 Preparing to unpack .../043-libavutil56_7%3a4.4.2-0ubuntu0.22.04.1_amd64.deb ...
#7 87.05 Unpacking libavutil56:amd64 (7:4.4.2-0ubuntu0.22.04.1) ...
#7 87.19 Selecting previously unselected package libpixman-1-0:amd64.
#7 87.19 Preparing to unpack .../044-libpixman-1-0_0.40.0-1ubuntu0.22.04.1_amd64.deb ...
#7 87.20 Unpacking libpixman-1-0:amd64 (0.40.0-1ubuntu0.22.04.1) ...
#7 87.33 Selecting previously unselected package libxcb-render0:amd64.
#7 87.34 Preparing to unpack .../045-libxcb-render0_1.14-3ubuntu3_amd64.deb ...
#7 87.34 Unpacking libxcb-render0:amd64 (1.14-3ubuntu3) ...
#7 87.47 Selecting previously unselected package libxcb-shm0:amd64.
#7 87.47 Preparing to unpack .../046-libxcb-shm0_1.14-3ubuntu3_amd64.deb ...
#7 87.47 Unpacking libxcb-shm0:amd64 (1.14-3ubuntu3) ...
#7 87.61 Selecting previously unselected package libxrender1:amd64.
#7 87.61 Preparing to unpack .../047-libxrender1_1%3a0.9.10-1build4_amd64.deb ...
#7 87.61 Unpacking libxrender1:amd64 (1:0.9.10-1build4) ...
#7 87.75 Selecting previously unselected package libcairo2:amd64.
#7 87.75 Preparing to unpack .../048-libcairo2_1.16.0-5ubuntu2_amd64.deb ...
#7 87.75 Unpacking libcairo2:amd64 (1.16.0-5ubuntu2) ...
#7 87.90 Selecting previously unselected package libcodec2-1.0:amd64.
#7 87.90 Preparing to unpack .../049-libcodec2-1.0_1.0.1-3_amd64.deb ...
#7 87.90 Unpacking libcodec2-1.0:amd64 (1.0.1-3) ...
#7 88.28 Selecting previously unselected package libgsm1:amd64.
#7 88.28 Preparing to unpack .../050-libgsm1_1.0.19-1_amd64.deb ...
#7 88.28 Unpacking libgsm1:amd64 (1.0.19-1) ...
#7 88.42 Selecting previously unselected package libmp3lame0:amd64.
#7 88.42 Preparing to unpack .../051-libmp3lame0_3.100-3build2_amd64.deb ...
#7 88.42 Unpacking libmp3lame0:amd64 (3.100-3build2) ...
#7 88.55 Selecting previously unselected package libopus0:amd64.
#7 88.56 Preparing to unpack .../052-libopus0_1.3.1-0.1build2_amd64.deb ...
#7 88.56 Unpacking libopus0:amd64 (1.3.1-0.1build2) ...
#7 88.70 Selecting previously unselected package libcairo-gobject2:amd64.
#7 88.70 Preparing to unpack .../053-libcairo-gobject2_1.16.0-5ubuntu2_amd64.deb ...
#7 88.71 Unpacking libcairo-gobject2:amd64 (1.16.0-5ubuntu2) ...
#7 88.86 Selecting previously unselected package libgdk-pixbuf2.0-common.
#7 88.86 Preparing to unpack .../054-libgdk-pixbuf2.0-common_2.42.8+dfsg-1ubuntu0.4_all.deb ...
#7 88.86 Unpacking libgdk-pixbuf2.0-common (2.42.8+dfsg-1ubuntu0.4) ...
#7 89.00 Selecting previously unselected package libgdk-pixbuf-2.0-0:amd64.
#7 89.00 Preparing to unpack .../055-libgdk-pixbuf-2.0-0_2.42.8+dfsg-1ubuntu0.4_amd64.deb ...
#7 89.00 Unpacking libgdk-pixbuf-2.0-0:amd64 (2.42.8+dfsg-1ubuntu0.4) ...
#7 89.14 Selecting previously unselected package fontconfig.
#7 89.14 Preparing to unpack .../056-fontconfig_2.13.1-4.2ubuntu5_amd64.deb ...
#7 89.14 Unpacking fontconfig (2.13.1-4.2ubuntu5) ...
#7 89.30 Selecting previously unselected package libgraphite2-3:amd64.
#7 89.30 Preparing to unpack .../057-libgraphite2-3_1.3.14-1build2_amd64.deb ...
#7 89.31 Unpacking libgraphite2-3:amd64 (1.3.14-1build2) ...
#7 89.45 Selecting previously unselected package libharfbuzz0b:amd64.
#7 89.45 Preparing to unpack .../058-libharfbuzz0b_2.7.4-1ubuntu3.2_amd64.deb ...
#7 89.46 Unpacking libharfbuzz0b:amd64 (2.7.4-1ubuntu3.2) ...
#7 89.59 Selecting previously unselected package libthai-data.
#7 89.59 Preparing to unpack .../059-libthai-data_0.1.29-1build1_all.deb ...
#7 89.60 Unpacking libthai-data (0.1.29-1build1) ...
#7 89.79 Selecting previously unselected package libdatrie1:amd64.
#7 89.79 Preparing to unpack .../060-libdatrie1_0.2.13-2_amd64.deb ...
#7 89.79 Unpacking libdatrie1:amd64 (0.2.13-2) ...
#7 89.92 Selecting previously unselected package libthai0:amd64.
#7 89.92 Preparing to unpack .../061-libthai0_0.1.29-1build1_amd64.deb ...
#7 89.92 Unpacking libthai0:amd64 (0.1.29-1build1) ...
#7 90.06 Selecting previously unselected package libpango-1.0-0:amd64.
#7 90.07 Preparing to unpack .../062-libpango-1.0-0_1.50.6+ds-2ubuntu1_amd64.deb ...
#7 90.07 Unpacking libpango-1.0-0:amd64 (1.50.6+ds-2ubuntu1) ...
#7 90.22 Selecting previously unselected package libpangoft2-1.0-0:amd64.
#7 90.23 Preparing to unpack .../063-libpangoft2-1.0-0_1.50.6+ds-2ubuntu1_amd64.deb ...
#7 90.23 Unpacking libpangoft2-1.0-0:amd64 (1.50.6+ds-2ubuntu1) ...
#7 90.39 Selecting previously unselected package libpangocairo-1.0-0:amd64.
#7 90.40 Preparing to unpack .../064-libpangocairo-1.0-0_1.50.6+ds-2ubuntu1_amd64.deb ...
#7 90.40 Unpacking libpangocairo-1.0-0:amd64 (1.50.6+ds-2ubuntu1) ...
#7 90.53 Selecting previously unselected package librsvg2-2:amd64.
#7 90.53 Preparing to unpack .../065-librsvg2-2_2.52.5+dfsg-3ubuntu0.2_amd64.deb ...
#7 90.54 Unpacking librsvg2-2:amd64 (2.52.5+dfsg-3ubuntu0.2) ...
#7 90.80 Selecting previously unselected package libshine3:amd64.
#7 90.81 Preparing to unpack .../066-libshine3_3.1.1-2_amd64.deb ...
#7 90.81 Unpacking libshine3:amd64 (3.1.1-2) ...
#7 90.96 Selecting previously unselected package libsnappy1v5:amd64.
#7 90.96 Preparing to unpack .../067-libsnappy1v5_1.1.8-1build3_amd64.deb ...
#7 90.96 Unpacking libsnappy1v5:amd64 (1.1.8-1build3) ...
#7 91.10 Selecting previously unselected package libspeex1:amd64.
#7 91.10 Preparing to unpack .../068-libspeex1_1.2~rc1.2-1.1ubuntu3_amd64.deb ...
#7 91.10 Unpacking libspeex1:amd64 (1.2~rc1.2-1.1ubuntu3) ...
#7 91.24 Selecting previously unselected package libsoxr0:amd64.
#7 91.24 Preparing to unpack .../069-libsoxr0_0.1.3-4build2_amd64.deb ...
#7 91.24 Unpacking libsoxr0:amd64 (0.1.3-4build2) ...
#7 91.38 Selecting previously unselected package libswresample3:amd64.
#7 91.38 Preparing to unpack .../070-libswresample3_7%3a4.4.2-0ubuntu0.22.04.1_amd64.deb ...
#7 91.39 Unpacking libswresample3:amd64 (7:4.4.2-0ubuntu0.22.04.1) ...
#7 91.53 Selecting previously unselected package libogg0:amd64.
#7 91.53 Preparing to unpack .../071-libogg0_1.3.5-0ubuntu3_amd64.deb ...
#7 91.54 Unpacking libogg0:amd64 (1.3.5-0ubuntu3) ...
#7 91.69 Selecting previously unselected package libtheora0:amd64.
#7 91.69 Preparing to unpack .../072-libtheora0_1.1.1+dfsg.1-15ubuntu4_amd64.deb ...
#7 91.69 Unpacking libtheora0:amd64 (1.1.1+dfsg.1-15ubuntu4) ...
#7 91.84 Selecting previously unselected package libtwolame0:amd64.
#7 91.85 Preparing to unpack .../073-libtwolame0_0.4.0-2build2_amd64.deb ...
#7 91.85 Unpacking libtwolame0:amd64 (0.4.0-2build2) ...
#7 92.06 Selecting previously unselected package libvorbis0a:amd64.
#7 92.06 Preparing to unpack .../074-libvorbis0a_1.3.7-1build2_amd64.deb ...
#7 92.07 Unpacking libvorbis0a:amd64 (1.3.7-1build2) ...
#7 92.21 Selecting previously unselected package libvorbisenc2:amd64.
#7 92.21 Preparing to unpack .../075-libvorbisenc2_1.3.7-1build2_amd64.deb ...
#7 92.22 Unpacking libvorbisenc2:amd64 (1.3.7-1build2) ...
#7 92.36 Selecting previously unselected package libvpx7:amd64.
#7 92.36 Preparing to unpack .../076-libvpx7_1.11.0-2ubuntu2.4_amd64.deb ...
#7 92.36 Unpacking libvpx7:amd64 (1.11.0-2ubuntu2.4) ...
#7 92.54 Selecting previously unselected package libx264-163:amd64.
#7 92.55 Preparing to unpack .../077-libx264-163_2%3a0.163.3060+git5db6aa6-2build1_amd64.deb ...
#7 92.55 Unpacking libx264-163:amd64 (2:0.163.3060+git5db6aa6-2build1) ...
#7 92.78 Selecting previously unselected package libxvidcore4:amd64.
#7 92.78 Preparing to unpack .../078-libxvidcore4_2%3a1.3.7-1_amd64.deb ...
#7 92.79 Unpacking libxvidcore4:amd64 (2:1.3.7-1) ...
#7 93.00 Selecting previously unselected package libzvbi-common.
#7 93.00 Preparing to unpack .../079-libzvbi-common_0.2.35-19_all.deb ...
#7 93.01 Unpacking libzvbi-common (0.2.35-19) ...
#7 93.15 Selecting previously unselected package libzvbi0:amd64.
#7 93.15 Preparing to unpack .../080-libzvbi0_0.2.35-19_amd64.deb ...
#7 93.15 Unpacking libzvbi0:amd64 (0.2.35-19) ...
#7 93.31 Selecting previously unselected package libavcodec58:amd64.
#7 93.32 Preparing to unpack .../081-libavcodec58_7%3a4.4.2-0ubuntu0.22.04.1_amd64.deb ...
#7 93.32 Unpacking libavcodec58:amd64 (7:4.4.2-0ubuntu0.22.04.1) ...
#7 93.82 Selecting previously unselected package libasound2-data.
#7 93.83 Preparing to unpack .../082-libasound2-data_1.2.6.1-1ubuntu1_all.deb ...
#7 93.83 Unpacking libasound2-data (1.2.6.1-1ubuntu1) ...
#7 93.98 Selecting previously unselected package libasound2:amd64.
#7 93.98 Preparing to unpack .../083-libasound2_1.2.6.1-1ubuntu1_amd64.deb ...
#7 93.98 Unpacking libasound2:amd64 (1.2.6.1-1ubuntu1) ...
#7 94.13 Selecting previously unselected package libraw1394-11:amd64.
#7 94.14 Preparing to unpack .../084-libraw1394-11_2.1.2-2build2_amd64.deb ...
#7 94.14 Unpacking libraw1394-11:amd64 (2.1.2-2build2) ...
#7 94.28 Selecting previously unselected package libavc1394-0:amd64.
#7 94.28 Preparing to unpack .../085-libavc1394-0_0.5.4-5build2_amd64.deb ...
#7 94.28 Unpacking libavc1394-0:amd64 (0.5.4-5build2) ...
#7 94.45 Selecting previously unselected package libass9:amd64.
#7 94.45 Preparing to unpack .../086-libass9_1%3a0.15.2-1_amd64.deb ...
#7 94.45 Unpacking libass9:amd64 (1:0.15.2-1) ...
#7 94.59 Selecting previously unselected package libudfread0:amd64.
#7 94.59 Preparing to unpack .../087-libudfread0_1.1.2-1_amd64.deb ...
#7 94.60 Unpacking libudfread0:amd64 (1.1.2-1) ...
#7 94.74 Selecting previously unselected package libbluray2:amd64.
#7 94.74 Preparing to unpack .../088-libbluray2_1%3a1.3.1-1_amd64.deb ...
#7 94.74 Unpacking libbluray2:amd64 (1:1.3.1-1) ...
#7 94.92 Selecting previously unselected package libchromaprint1:amd64.
#7 94.92 Preparing to unpack .../089-libchromaprint1_1.5.1-2_amd64.deb ...
#7 94.93 Unpacking libchromaprint1:amd64 (1.5.1-2) ...
#7 95.12 Selecting previously unselected package libgme0:amd64.
#7 95.13 Preparing to unpack .../090-libgme0_0.6.3-2_amd64.deb ...
#7 95.13 Unpacking libgme0:amd64 (0.6.3-2) ...
#7 95.30 Selecting previously unselected package libmpg123-0:amd64.
#7 95.30 Preparing to unpack .../091-libmpg123-0_1.29.3-1ubuntu0.1_amd64.deb ...
#7 95.30 Unpacking libmpg123-0:amd64 (1.29.3-1ubuntu0.1) ...
#7 95.44 Selecting previously unselected package libvorbisfile3:amd64.
#7 95.44 Preparing to unpack .../092-libvorbisfile3_1.3.7-1build2_amd64.deb ...
#7 95.45 Unpacking libvorbisfile3:amd64 (1.3.7-1build2) ...
#7 95.57 Selecting previously unselected package libopenmpt0:amd64.
#7 95.58 Preparing to unpack .../093-libopenmpt0_0.6.1-1_amd64.deb ...
#7 95.58 Unpacking libopenmpt0:amd64 (0.6.1-1) ...
#7 95.74 Selecting previously unselected package librabbitmq4:amd64.
#7 95.74 Preparing to unpack .../094-librabbitmq4_0.10.0-1ubuntu2_amd64.deb ...
#7 95.74 Unpacking librabbitmq4:amd64 (0.10.0-1ubuntu2) ...
#7 95.90 Selecting previously unselected package libsrt1.4-gnutls:amd64.
#7 95.90 Preparing to unpack .../095-libsrt1.4-gnutls_1.4.4-4_amd64.deb ...
#7 95.91 Unpacking libsrt1.4-gnutls:amd64 (1.4.4-4) ...
#7 96.11 Selecting previously unselected package libssh-gcrypt-4:amd64.
#7 96.11 Preparing to unpack .../096-libssh-gcrypt-4_0.9.6-2ubuntu0.22.04.5_amd64.deb ...
#7 96.12 Unpacking libssh-gcrypt-4:amd64 (0.9.6-2ubuntu0.22.04.5) ...
#7 96.26 Selecting previously unselected package libnorm1:amd64.
#7 96.26 Preparing to unpack .../097-libnorm1_1.5.9+dfsg-2_amd64.deb ...
#7 96.27 Unpacking libnorm1:amd64 (1.5.9+dfsg-2) ...
#7 96.46 Selecting previously unselected package libpgm-5.3-0:amd64.
#7 96.47 Preparing to unpack .../098-libpgm-5.3-0_5.3.128~dfsg-2_amd64.deb ...
#7 96.47 Unpacking libpgm-5.3-0:amd64 (5.3.128~dfsg-2) ...
#7 96.67 Selecting previously unselected package libsodium23:amd64.
#7 96.67 Preparing to unpack .../099-libsodium23_1.0.18-1ubuntu0.22.04.1_amd64.deb ...
#7 96.67 Unpacking libsodium23:amd64 (1.0.18-1ubuntu0.22.04.1) ...
#7 96.86 Selecting previously unselected package libzmq5:amd64.
#7 96.86 Preparing to unpack .../100-libzmq5_4.3.4-2_amd64.deb ...
#7 96.86 Unpacking libzmq5:amd64 (4.3.4-2) ...
#7 97.00 Selecting previously unselected package libavformat58:amd64.
#7 97.00 Preparing to unpack .../101-libavformat58_7%3a4.4.2-0ubuntu0.22.04.1_amd64.deb ...
#7 97.01 Unpacking libavformat58:amd64 (7:4.4.2-0ubuntu0.22.04.1) ...
#7 97.21 Selecting previously unselected package libbs2b0:amd64.
#7 97.22 Preparing to unpack .../102-libbs2b0_3.1.0+dfsg-2.2build1_amd64.deb ...
#7 97.22 Unpacking libbs2b0:amd64 (3.1.0+dfsg-2.2build1) ...
#7 97.38 Selecting previously unselected package libflite1:amd64.
#7 97.38 Preparing to unpack .../103-libflite1_2.2-3_amd64.deb ...
#7 97.39 Unpacking libflite1:amd64 (2.2-3) ...
#7 97.97 Selecting previously unselected package libserd-0-0:amd64.
#7 97.97 Preparing to unpack .../104-libserd-0-0_0.30.10-2_amd64.deb ...
#7 97.97 Unpacking libserd-0-0:amd64 (0.30.10-2) ...
#7 98.11 Selecting previously unselected package libsord-0-0:amd64.
#7 98.12 Preparing to unpack .../105-libsord-0-0_0.16.8-2_amd64.deb ...
#7 98.12 Unpacking libsord-0-0:amd64 (0.16.8-2) ...
#7 98.27 Selecting previously unselected package libsratom-0-0:amd64.
#7 98.27 Preparing to unpack .../106-libsratom-0-0_0.6.8-1_amd64.deb ...
#7 98.27 Unpacking libsratom-0-0:amd64 (0.6.8-1) ...
#7 98.43 Selecting previously unselected package liblilv-0-0:amd64.
#7 98.44 Preparing to unpack .../107-liblilv-0-0_0.24.12-2_amd64.deb ...
#7 98.44 Unpacking liblilv-0-0:amd64 (0.24.12-2) ...
#7 98.58 Selecting previously unselected package libmysofa1:amd64.
#7 98.59 Preparing to unpack .../108-libmysofa1_1.2.1~dfsg0-1_amd64.deb ...
#7 98.59 Unpacking libmysofa1:amd64 (1.2.1~dfsg0-1) ...
#7 98.74 Selecting previously unselected package libblas3:amd64.
#7 98.74 Preparing to unpack .../109-libblas3_3.10.0-2ubuntu1_amd64.deb ...
#7 98.76 Unpacking libblas3:amd64 (3.10.0-2ubuntu1) ...
#7 98.91 Selecting previously unselected package libgfortran5:amd64.
#7 98.92 Preparing to unpack .../110-libgfortran5_12.3.0-1ubuntu1~22.04.2_amd64.deb ...
#7 98.92 Unpacking libgfortran5:amd64 (12.3.0-1ubuntu1~22.04.2) ...
#7 99.11 Selecting previously unselected package liblapack3:amd64.
#7 99.12 Preparing to unpack .../111-liblapack3_3.10.0-2ubuntu1_amd64.deb ...
#7 99.14 Unpacking liblapack3:amd64 (3.10.0-2ubuntu1) ...
#7 99.38 Selecting previously unselected package libasyncns0:amd64.
#7 99.39 Preparing to unpack .../112-libasyncns0_0.8-6build2_amd64.deb ...
#7 99.39 Unpacking libasyncns0:amd64 (0.8-6build2) ...
#7 99.52 Selecting previously unselected package libflac8:amd64.
#7 99.53 Preparing to unpack .../113-libflac8_1.3.3-2ubuntu0.2_amd64.deb ...
#7 99.53 Unpacking libflac8:amd64 (1.3.3-2ubuntu0.2) ...
#7 99.66 Selecting previously unselected package libsndfile1:amd64.
#7 99.67 Preparing to unpack .../114-libsndfile1_1.0.31-2ubuntu0.2_amd64.deb ...
#7 99.67 Unpacking libsndfile1:amd64 (1.0.31-2ubuntu0.2) ...
#7 99.87 Selecting previously unselected package libx11-xcb1:amd64.
#7 99.88 Preparing to unpack .../115-libx11-xcb1_2%3a1.7.5-1ubuntu0.3_amd64.deb ...
#7 99.88 Unpacking libx11-xcb1:amd64 (2:1.7.5-1ubuntu0.3) ...
#7 100.0 Selecting previously unselected package libpulse0:amd64.
#7 100.0 Preparing to unpack .../116-libpulse0_1%3a15.99.1+dfsg1-1ubuntu2.2_amd64.deb ...
#7 100.2 Unpacking libpulse0:amd64 (1:15.99.1+dfsg1-1ubuntu2.2) ...
#7 100.3 Selecting previously unselected package libsphinxbase3:amd64.
#7 100.3 Preparing to unpack .../117-libsphinxbase3_0.8+5prealpha+1-13build1_amd64.deb ...
#7 100.3 Unpacking libsphinxbase3:amd64 (0.8+5prealpha+1-13build1) ...
#7 100.5 Selecting previously unselected package libpocketsphinx3:amd64.
#7 100.5 Preparing to unpack .../118-libpocketsphinx3_0.8.0+real5prealpha+1-14ubuntu1_amd64.deb ...
#7 100.5 Unpacking libpocketsphinx3:amd64 (0.8.0+real5prealpha+1-14ubuntu1) ...
#7 100.6 Selecting previously unselected package libpostproc55:amd64.
#7 100.7 Preparing to unpack .../119-libpostproc55_7%3a4.4.2-0ubuntu0.22.04.1_amd64.deb ...
#7 100.7 Unpacking libpostproc55:amd64 (7:4.4.2-0ubuntu0.22.04.1) ...
#7 100.8 Selecting previously unselected package libsamplerate0:amd64.
#7 100.8 Preparing to unpack .../120-libsamplerate0_0.2.2-1build1_amd64.deb ...
#7 100.8 Unpacking libsamplerate0:amd64 (0.2.2-1build1) ...
#7 100.9 Selecting previously unselected package librubberband2:amd64.
#7 100.9 Preparing to unpack .../121-librubberband2_2.0.0-2_amd64.deb ...
#7 100.9 Unpacking librubberband2:amd64 (2.0.0-2) ...
#7 101.1 Selecting previously unselected package libswscale5:amd64.
#7 101.1 Preparing to unpack .../122-libswscale5_7%3a4.4.2-0ubuntu0.22.04.1_amd64.deb ...
#7 101.1 Unpacking libswscale5:amd64 (7:4.4.2-0ubuntu0.22.04.1) ...
#7 101.2 Selecting previously unselected package libvidstab1.1:amd64.
#7 101.2 Preparing to unpack .../123-libvidstab1.1_1.1.0-2_amd64.deb ...
#7 101.2 Unpacking libvidstab1.1:amd64 (1.1.0-2) ...
#7 101.4 Selecting previously unselected package libzimg2:amd64.
#7 101.4 Preparing to unpack .../124-libzimg2_3.0.3+ds1-1_amd64.deb ...
#7 101.4 Unpacking libzimg2:amd64 (3.0.3+ds1-1) ...
#7 101.5 Selecting previously unselected package libavfilter7:amd64.
#7 101.6 Preparing to unpack .../125-libavfilter7_7%3a4.4.2-0ubuntu0.22.04.1_amd64.deb ...
#7 101.6 Unpacking libavfilter7:amd64 (7:4.4.2-0ubuntu0.22.04.1) ...
#7 101.8 Selecting previously unselected package libcaca0:amd64.
#7 101.8 Preparing to unpack .../126-libcaca0_0.99.beta19-2.2ubuntu4.1_amd64.deb ...
#7 101.8 Unpacking libcaca0:amd64 (0.99.beta19-2.2ubuntu4.1) ...
#7 101.9 Selecting previously unselected package libcdio19:amd64.
#7 101.9 Preparing to unpack .../127-libcdio19_2.1.0-3ubuntu0.2_amd64.deb ...
#7 101.9 Unpacking libcdio19:amd64 (2.1.0-3ubuntu0.2) ...
#7 102.1 Selecting previously unselected package libcdio-cdda2:amd64.
#7 102.1 Preparing to unpack .../128-libcdio-cdda2_10.2+2.0.0-1build3_amd64.deb ...
#7 102.1 Unpacking libcdio-cdda2:amd64 (10.2+2.0.0-1build3) ...
#7 102.2 Selecting previously unselected package libcdio-paranoia2:amd64.
#7 102.2 Preparing to unpack .../129-libcdio-paranoia2_10.2+2.0.0-1build3_amd64.deb ...
#7 102.2 Unpacking libcdio-paranoia2:amd64 (10.2+2.0.0-1build3) ...
#7 102.4 Selecting previously unselected package libdc1394-25:amd64.
#7 102.4 Preparing to unpack .../130-libdc1394-25_2.2.6-4_amd64.deb ...
#7 102.4 Unpacking libdc1394-25:amd64 (2.2.6-4) ...
#7 102.5 Selecting previously unselected package libglvnd0:amd64.
#7 102.5 Preparing to unpack .../131-libglvnd0_1.4.0-1_amd64.deb ...
#7 102.5 Unpacking libglvnd0:amd64 (1.4.0-1) ...
#7 102.7 Selecting previously unselected package libglapi-mesa:amd64.
#7 102.7 Preparing to unpack .../132-libglapi-mesa_23.2.1-1ubuntu3.1~22.04.3_amd64.deb ...
#7 102.7 Unpacking libglapi-mesa:amd64 (23.2.1-1ubuntu3.1~22.04.3) ...
#7 102.8 Selecting previously unselected package libxcb-dri2-0:amd64.
#7 102.8 Preparing to unpack .../133-libxcb-dri2-0_1.14-3ubuntu3_amd64.deb ...
#7 102.8 Unpacking libxcb-dri2-0:amd64 (1.14-3ubuntu3) ...
#7 102.9 Selecting previously unselected package libxcb-dri3-0:amd64.
#7 102.9 Preparing to unpack .../134-libxcb-dri3-0_1.14-3ubuntu3_amd64.deb ...
#7 102.9 Unpacking libxcb-dri3-0:amd64 (1.14-3ubuntu3) ...
#7 103.1 Selecting previously unselected package libxcb-glx0:amd64.
#7 103.1 Preparing to unpack .../135-libxcb-glx0_1.14-3ubuntu3_amd64.deb ...
#7 103.1 Unpacking libxcb-glx0:amd64 (1.14-3ubuntu3) ...
#7 103.2 Selecting previously unselected package libxcb-present0:amd64.
#7 103.2 Preparing to unpack .../136-libxcb-present0_1.14-3ubuntu3_amd64.deb ...
#7 103.2 Unpacking libxcb-present0:amd64 (1.14-3ubuntu3) ...
#7 103.4 Selecting previously unselected package libxcb-randr0:amd64.
#7 103.4 Preparing to unpack .../137-libxcb-randr0_1.14-3ubuntu3_amd64.deb ...
#7 103.4 Unpacking libxcb-randr0:amd64 (1.14-3ubuntu3) ...
#7 103.5 Selecting previously unselected package libxcb-sync1:amd64.
#7 103.5 Preparing to unpack .../138-libxcb-sync1_1.14-3ubuntu3_amd64.deb ...
#7 103.5 Unpacking libxcb-sync1:amd64 (1.14-3ubuntu3) ...
#7 103.6 Selecting previously unselected package libxcb-xfixes0:amd64.
#7 103.6 Preparing to unpack .../139-libxcb-xfixes0_1.14-3ubuntu3_amd64.deb ...
#7 103.6 Unpacking libxcb-xfixes0:amd64 (1.14-3ubuntu3) ...
#7 103.8 Selecting previously unselected package libxshmfence1:amd64.
#7 103.8 Preparing to unpack .../140-libxshmfence1_1.3-1build4_amd64.deb ...
#7 103.8 Unpacking libxshmfence1:amd64 (1.3-1build4) ...
#7 103.9 Selecting previously unselected package libxxf86vm1:amd64.
#7 103.9 Preparing to unpack .../141-libxxf86vm1_1%3a1.1.4-1build3_amd64.deb ...
#7 103.9 Unpacking libxxf86vm1:amd64 (1:1.1.4-1build3) ...
#7 104.0 Selecting previously unselected package libdrm-amdgpu1:amd64.
#7 104.1 Preparing to unpack .../142-libdrm-amdgpu1_2.4.113-2~ubuntu0.22.04.1_amd64.deb ...
#7 104.1 Unpacking libdrm-amdgpu1:amd64 (2.4.113-2~ubuntu0.22.04.1) ...
#7 104.2 Selecting previously unselected package libpciaccess0:amd64.
#7 104.2 Preparing to unpack .../143-libpciaccess0_0.16-3_amd64.deb ...
#7 104.2 Unpacking libpciaccess0:amd64 (0.16-3) ...
#7 104.3 Selecting previously unselected package libdrm-intel1:amd64.
#7 104.3 Preparing to unpack .../144-libdrm-intel1_2.4.113-2~ubuntu0.22.04.1_amd64.deb ...
#7 104.3 Unpacking libdrm-intel1:amd64 (2.4.113-2~ubuntu0.22.04.1) ...
#7 104.5 Selecting previously unselected package libdrm-nouveau2:amd64.
#7 104.5 Preparing to unpack .../145-libdrm-nouveau2_2.4.113-2~ubuntu0.22.04.1_amd64.deb ...
#7 104.5 Unpacking libdrm-nouveau2:amd64 (2.4.113-2~ubuntu0.22.04.1) ...
#7 104.6 Selecting previously unselected package libdrm-radeon1:amd64.
#7 104.6 Preparing to unpack .../146-libdrm-radeon1_2.4.113-2~ubuntu0.22.04.1_amd64.deb ...
#7 104.6 Unpacking libdrm-radeon1:amd64 (2.4.113-2~ubuntu0.22.04.1) ...
#7 104.8 Selecting previously unselected package libllvm15:amd64.
#7 104.8 Preparing to unpack .../147-libllvm15_1%3a15.0.7-0ubuntu0.22.04.3_amd64.deb ...
#7 104.8 Unpacking libllvm15:amd64 (1:15.0.7-0ubuntu0.22.04.3) ...
#7 107.1 Selecting previously unselected package libsensors-config.
#7 107.1 Preparing to unpack .../148-libsensors-config_1%3a3.6.0-7ubuntu1_all.deb ...
#7 107.1 Unpacking libsensors-config (1:3.6.0-7ubuntu1) ...
#7 107.3 Selecting previously unselected package libsensors5:amd64.
#7 107.3 Preparing to unpack .../149-libsensors5_1%3a3.6.0-7ubuntu1_amd64.deb ...
#7 107.7 Unpacking libsensors5:amd64 (1:3.6.0-7ubuntu1) ...
#7 107.9 Selecting previously unselected package libgl1-mesa-dri:amd64.
#7 107.9 Preparing to unpack .../150-libgl1-mesa-dri_23.2.1-1ubuntu3.1~22.04.3_amd64.deb ...
#7 108.0 Unpacking libgl1-mesa-dri:amd64 (23.2.1-1ubuntu3.1~22.04.3) ...
#7 108.7 Selecting previously unselected package libglx-mesa0:amd64.
#7 108.7 Preparing to unpack .../151-libglx-mesa0_23.2.1-1ubuntu3.1~22.04.3_amd64.deb ...
#7 108.7 Unpacking libglx-mesa0:amd64 (23.2.1-1ubuntu3.1~22.04.3) ...
#7 108.9 Selecting previously unselected package libglx0:amd64.
#7 108.9 Preparing to unpack .../152-libglx0_1.4.0-1_amd64.deb ...
#7 108.9 Unpacking libglx0:amd64 (1.4.0-1) ...
#7 109.0 Selecting previously unselected package libgl1:amd64.
#7 109.0 Preparing to unpack .../153-libgl1_1.4.0-1_amd64.deb ...
#7 109.0 Unpacking libgl1:amd64 (1.4.0-1) ...
#7 109.2 Selecting previously unselected package libiec61883-0:amd64.
#7 109.2 Preparing to unpack .../154-libiec61883-0_1.2.0-4build3_amd64.deb ...
#7 109.2 Unpacking libiec61883-0:amd64 (1.2.0-4build3) ...
#7 109.3 Selecting previously unselected package libjack-jackd2-0:amd64.
#7 109.3 Preparing to unpack .../155-libjack-jackd2-0_1.9.20~dfsg-1_amd64.deb ...
#7 109.3 Unpacking libjack-jackd2-0:amd64 (1.9.20~dfsg-1) ...
#7 109.5 Selecting previously unselected package libopenal-data.
#7 109.5 Preparing to unpack .../156-libopenal-data_1%3a1.19.1-2build3_all.deb ...
#7 109.5 Unpacking libopenal-data (1:1.19.1-2build3) ...
#7 109.6 Selecting previously unselected package libsndio7.0:amd64.
#7 109.7 Preparing to unpack .../157-libsndio7.0_1.8.1-1.1_amd64.deb ...
#7 109.7 Unpacking libsndio7.0:amd64 (1.8.1-1.1) ...
#7 109.8 Selecting previously unselected package libopenal1:amd64.
#7 109.8 Preparing to unpack .../158-libopenal1_1%3a1.19.1-2build3_amd64.deb ...
#7 109.8 Unpacking libopenal1:amd64 (1:1.19.1-2build3) ...
#7 110.0 Selecting previously unselected package libwayland-client0:amd64.
#7 110.0 Preparing to unpack .../159-libwayland-client0_1.20.0-1ubuntu0.1_amd64.deb ...
#7 110.0 Unpacking libwayland-client0:amd64 (1.20.0-1ubuntu0.1) ...
#7 110.1 Selecting previously unselected package libdecor-0-0:amd64.
#7 110.1 Preparing to unpack .../160-libdecor-0-0_0.1.0-3build1_amd64.deb ...
#7 110.1 Unpacking libdecor-0-0:amd64 (0.1.0-3build1) ...
#7 110.3 Selecting previously unselected package libwayland-server0:amd64.
#7 110.3 Preparing to unpack .../161-libwayland-server0_1.20.0-1ubuntu0.1_amd64.deb ...
#7 110.3 Unpacking libwayland-server0:amd64 (1.20.0-1ubuntu0.1) ...
#7 110.5 Selecting previously unselected package libgbm1:amd64.
#7 110.5 Preparing to unpack .../162-libgbm1_23.2.1-1ubuntu3.1~22.04.3_amd64.deb ...
#7 110.5 Unpacking libgbm1:amd64 (23.2.1-1ubuntu3.1~22.04.3) ...
#7 110.6 Selecting previously unselected package libwayland-cursor0:amd64.
#7 110.6 Preparing to unpack .../163-libwayland-cursor0_1.20.0-1ubuntu0.1_amd64.deb ...
#7 110.7 Unpacking libwayland-cursor0:amd64 (1.20.0-1ubuntu0.1) ...
#7 110.8 Selecting previously unselected package libwayland-egl1:amd64.
#7 110.8 Preparing to unpack .../164-libwayland-egl1_1.20.0-1ubuntu0.1_amd64.deb ...
#7 110.8 Unpacking libwayland-egl1:amd64 (1.20.0-1ubuntu0.1) ...
#7 111.0 Selecting previously unselected package libxcursor1:amd64.
#7 111.0 Preparing to unpack .../165-libxcursor1_1%3a1.2.0-2build4_amd64.deb ...
#7 111.0 Unpacking libxcursor1:amd64 (1:1.2.0-2build4) ...
#7 111.1 Selecting previously unselected package libxi6:amd64.
#7 111.1 Preparing to unpack .../166-libxi6_2%3a1.8-1build1_amd64.deb ...
#7 111.1 Unpacking libxi6:amd64 (2:1.8-1build1) ...
#7 111.3 Selecting previously unselected package libxinerama1:amd64.
#7 111.3 Preparing to unpack .../167-libxinerama1_2%3a1.1.4-3_amd64.deb ...
#7 111.3 Unpacking libxinerama1:amd64 (2:1.1.4-3) ...
#7 111.4 Selecting previously unselected package libxkbcommon0:amd64.
#7 111.4 Preparing to unpack .../168-libxkbcommon0_1.4.0-1_amd64.deb ...
#7 111.4 Unpacking libxkbcommon0:amd64 (1.4.0-1) ...
#7 111.6 Selecting previously unselected package libxrandr2:amd64.
#7 111.6 Preparing to unpack .../169-libxrandr2_2%3a1.5.2-1build1_amd64.deb ...
#7 111.6 Unpacking libxrandr2:amd64 (2:1.5.2-1build1) ...
#7 111.7 Selecting previously unselected package x11-common.
#7 111.7 Preparing to unpack .../170-x11-common_1%3a7.7+23ubuntu2_all.deb ...
#7 111.7 Unpacking x11-common (1:7.7+23ubuntu2) ...
#7 111.9 Selecting previously unselected package libxss1:amd64.
#7 111.9 Preparing to unpack .../171-libxss1_1%3a1.2.3-1build2_amd64.deb ...
#7 111.9 Unpacking libxss1:amd64 (1:1.2.3-1build2) ...
#7 112.0 Selecting previously unselected package libsdl2-2.0-0:amd64.
#7 112.0 Preparing to unpack .../172-libsdl2-2.0-0_2.0.20+dfsg-2ubuntu1.22.04.1_amd64.deb ...
#7 112.0 Unpacking libsdl2-2.0-0:amd64 (2.0.20+dfsg-2ubuntu1.22.04.1) ...
#7 112.2 Selecting previously unselected package libxcb-shape0:amd64.
#7 112.2 Preparing to unpack .../173-libxcb-shape0_1.14-3ubuntu3_amd64.deb ...
#7 112.2 Unpacking libxcb-shape0:amd64 (1.14-3ubuntu3) ...
#7 112.3 Selecting previously unselected package libxv1:amd64.
#7 112.3 Preparing to unpack .../174-libxv1_2%3a1.0.11-1build2_amd64.deb ...
#7 112.3 Unpacking libxv1:amd64 (2:1.0.11-1build2) ...
#7 112.5 Selecting previously unselected package libavdevice58:amd64.
#7 112.5 Preparing to unpack .../175-libavdevice58_7%3a4.4.2-0ubuntu0.22.04.1_amd64.deb ...
#7 112.5 Unpacking libavdevice58:amd64 (7:4.4.2-0ubuntu0.22.04.1) ...
#7 112.6 Selecting previously unselected package ffmpeg.
#7 112.6 Preparing to unpack .../176-ffmpeg_7%3a4.4.2-0ubuntu0.22.04.1_amd64.deb ...
#7 112.6 Unpacking ffmpeg (7:4.4.2-0ubuntu0.22.04.1) ...
#7 112.8 Selecting previously unselected package python3-numpy.
#7 112.8 Preparing to unpack .../177-python3-numpy_1%3a1.21.5-1ubuntu22.04.1_amd64.deb ...
#7 112.8 Unpacking python3-numpy (1:1.21.5-1ubuntu22.04.1) ...
#7 113.4 Selecting previously unselected package gdal-data.
#7 113.4 Preparing to unpack .../178-gdal-data_3.4.1+dfsg-1build4_all.deb ...
#7 113.4 Unpacking gdal-data (3.4.1+dfsg-1build4) ...
#7 113.6 Selecting previously unselected package libarpack2:amd64.
#7 113.6 Preparing to unpack .../179-libarpack2_3.8.0-1_amd64.deb ...
#7 113.6 Unpacking libarpack2:amd64 (3.8.0-1) ...
#7 113.8 Selecting previously unselected package libsuperlu5:amd64.
#7 113.8 Preparing to unpack .../180-libsuperlu5_5.3.0+dfsg1-2_amd64.deb ...
#7 113.8 Unpacking libsuperlu5:amd64 (5.3.0+dfsg1-2) ...
#7 113.9 Selecting previously unselected package libarmadillo10.
#7 113.9 Preparing to unpack .../181-libarmadillo10_1%3a10.8.2+dfsg-1_amd64.deb ...
#7 113.9 Unpacking libarmadillo10 (1:10.8.2+dfsg-1) ...
#7 114.1 Selecting previously unselected package libblosc1:amd64.
#7 114.1 Preparing to unpack .../182-libblosc1_1.21.1+ds2-2_amd64.deb ...
#7 114.1 Unpacking libblosc1:amd64 (1.21.1+ds2-2) ...
#7 114.2 Selecting previously unselected package libcfitsio9:amd64.
#7 114.2 Preparing to unpack .../183-libcfitsio9_4.0.0-1_amd64.deb ...
#7 114.2 Unpacking libcfitsio9:amd64 (4.0.0-1) ...
#7 114.4 Selecting previously unselected package libcharls2:amd64.
#7 114.4 Preparing to unpack .../184-libcharls2_2.3.4-1_amd64.deb ...
#7 114.4 Unpacking libcharls2:amd64 (2.3.4-1) ...
#7 114.5 Selecting previously unselected package libfreexl1:amd64.
#7 114.5 Preparing to unpack .../185-libfreexl1_1.0.6-1_amd64.deb ...
#7 114.5 Unpacking libfreexl1:amd64 (1.0.6-1) ...
#7 114.7 Selecting previously unselected package libfyba0:amd64.
#7 114.7 Preparing to unpack .../186-libfyba0_4.1.1-7_amd64.deb ...
#7 114.7 Unpacking libfyba0:amd64 (4.1.1-7) ...
#7 114.9 Selecting previously unselected package libgeos3.10.2:amd64.
#7 114.9 Preparing to unpack .../187-libgeos3.10.2_3.10.2-1_amd64.deb ...
#7 114.9 Unpacking libgeos3.10.2:amd64 (3.10.2-1) ...
#7 115.0 Selecting previously unselected package libgeos-c1v5:amd64.
#7 115.0 Preparing to unpack .../188-libgeos-c1v5_3.10.2-1_amd64.deb ...
#7 115.0 Unpacking libgeos-c1v5:amd64 (3.10.2-1) ...
#7 115.2 Selecting previously unselected package proj-data.
#7 115.2 Preparing to unpack .../189-proj-data_8.2.1-1_all.deb ...
#7 115.2 Unpacking proj-data (8.2.1-1) ...
#7 115.7 Selecting previously unselected package libproj22:amd64.
#7 115.7 Preparing to unpack .../190-libproj22_8.2.1-1_amd64.deb ...
#7 115.7 Unpacking libproj22:amd64 (8.2.1-1) ...
#7 115.9 Selecting previously unselected package libgeotiff5:amd64.
#7 115.9 Preparing to unpack .../191-libgeotiff5_1.7.0-2build1_amd64.deb ...
#7 115.9 Unpacking libgeotiff5:amd64 (1.7.0-2build1) ...
#7 116.0 Selecting previously unselected package libgif7:amd64.
#7 116.0 Preparing to unpack .../192-libgif7_5.1.9-2ubuntu0.1_amd64.deb ...
#7 116.0 Unpacking libgif7:amd64 (5.1.9-2ubuntu0.1) ...
#7 116.2 Selecting previously unselected package libhdf4-0-alt.
#7 116.2 Preparing to unpack .../193-libhdf4-0-alt_4.2.15-4_amd64.deb ...
#7 116.2 Unpacking libhdf4-0-alt (4.2.15-4) ...
#7 116.4 Selecting previously unselected package libaec0:amd64.
#7 116.4 Preparing to unpack .../194-libaec0_1.0.6-1_amd64.deb ...
#7 116.4 Unpacking libaec0:amd64 (1.0.6-1) ...
#7 116.5 Selecting previously unselected package libsz2:amd64.
#7 116.5 Preparing to unpack .../195-libsz2_1.0.6-1_amd64.deb ...
#7 116.5 Unpacking libsz2:amd64 (1.0.6-1) ...
#7 116.8 Selecting previously unselected package libhdf5-103-1:amd64.
#7 116.8 Preparing to unpack .../196-libhdf5-103-1_1.10.7+repack-4ubuntu2_amd64.deb ...
#7 116.8 Unpacking libhdf5-103-1:amd64 (1.10.7+repack-4ubuntu2) ...
#7 117.0 Selecting previously unselected package libminizip1:amd64.
#7 117.0 Preparing to unpack .../197-libminizip1_1.1-8build1_amd64.deb ...
#7 117.0 Unpacking libminizip1:amd64 (1.1-8build1) ...
#7 117.1 Selecting previously unselected package liburiparser1:amd64.
#7 117.2 Preparing to unpack .../198-liburiparser1_0.9.6+dfsg-1_amd64.deb ...
#7 117.2 Unpacking liburiparser1:amd64 (0.9.6+dfsg-1) ...
#7 117.3 Selecting previously unselected package libkmlbase1:amd64.
#7 117.3 Preparing to unpack .../199-libkmlbase1_1.3.0-9_amd64.deb ...
#7 117.3 Unpacking libkmlbase1:amd64 (1.3.0-9) ...
#7 117.5 Selecting previously unselected package libkmldom1:amd64.
#7 117.5 Preparing to unpack .../200-libkmldom1_1.3.0-9_amd64.deb ...
#7 117.5 Unpacking libkmldom1:amd64 (1.3.0-9) ...
#7 117.6 Selecting previously unselected package libkmlengine1:amd64.
#7 117.6 Preparing to unpack .../201-libkmlengine1_1.3.0-9_amd64.deb ...
#7 117.6 Unpacking libkmlengine1:amd64 (1.3.0-9) ...
#7 117.8 Selecting previously unselected package libhdf5-hl-100:amd64.
#7 117.8 Preparing to unpack .../202-libhdf5-hl-100_1.10.7+repack-4ubuntu2_amd64.deb ...
#7 117.8 Unpacking libhdf5-hl-100:amd64 (1.10.7+repack-4ubuntu2) ...
#7 117.9 Selecting previously unselected package libnetcdf19:amd64.
#7 117.9 Preparing to unpack .../203-libnetcdf19_1%3a4.8.1-1_amd64.deb ...
#7 117.9 Unpacking libnetcdf19:amd64 (1:4.8.1-1) ...
#7 118.1 Selecting previously unselected package libodbc2:amd64.
#7 118.1 Preparing to unpack .../204-libodbc2_2.3.9-5ubuntu0.1_amd64.deb ...
#7 118.1 Unpacking libodbc2:amd64 (2.3.9-5ubuntu0.1) ...
#7 118.3 Selecting previously unselected package unixodbc-common.
#7 118.3 Preparing to unpack .../205-unixodbc-common_2.3.9-5ubuntu0.1_all.deb ...
#7 118.3 Unpacking unixodbc-common (2.3.9-5ubuntu0.1) ...
#7 118.4 Selecting previously unselected package libodbcinst2:amd64.
#7 118.5 Preparing to unpack .../206-libodbcinst2_2.3.9-5ubuntu0.1_amd64.deb ...
#7 118.5 Unpacking libodbcinst2:amd64 (2.3.9-5ubuntu0.1) ...
#7 118.6 Selecting previously unselected package libogdi4.1.
#7 118.6 Preparing to unpack .../207-libogdi4.1_4.1.0+ds-5_amd64.deb ...
#7 118.6 Unpacking libogdi4.1 (4.1.0+ds-5) ...
#7 118.8 Selecting previously unselected package libnspr4:amd64.
#7 118.8 Preparing to unpack .../208-libnspr4_2%3a4.35-0ubuntu0.22.04.1_amd64.deb ...
#7 118.8 Unpacking libnspr4:amd64 (2:4.35-0ubuntu0.22.04.1) ...
#7 119.0 Selecting previously unselected package libnss3:amd64.
#7 119.0 Preparing to unpack .../209-libnss3_2%3a3.98-0ubuntu0.22.04.2_amd64.deb ...
#7 119.0 Unpacking libnss3:amd64 (2:3.98-0ubuntu0.22.04.2) ...
#7 119.5 Selecting previously unselected package libpoppler118:amd64.
#7 119.5 Preparing to unpack .../210-libpoppler118_22.02.0-2ubuntu0.12_amd64.deb ...
#7 119.5 Unpacking libpoppler118:amd64 (22.02.0-2ubuntu0.12) ...
#7 119.7 Selecting previously unselected package libpq5:amd64.
#7 119.7 Preparing to unpack .../211-libpq5_14.20-0ubuntu0.22.04.1_amd64.deb ...
#7 119.7 Unpacking libpq5:amd64 (14.20-0ubuntu0.22.04.1) ...
#7 119.8 Selecting previously unselected package libqhull-r8.0:amd64.
#7 119.8 Preparing to unpack .../212-libqhull-r8.0_2020.2-4_amd64.deb ...
#7 119.8 Unpacking libqhull-r8.0:amd64 (2020.2-4) ...
#7 120.0 Selecting previously unselected package librttopo1:amd64.
#7 120.0 Preparing to unpack .../213-librttopo1_1.1.0-2_amd64.deb ...
#7 120.0 Unpacking librttopo1:amd64 (1.1.0-2) ...
#7 120.2 Selecting previously unselected package libspatialite7:amd64.
#7 120.2 Preparing to unpack .../214-libspatialite7_5.0.1-2build2_amd64.deb ...
#7 120.2 Unpacking libspatialite7:amd64 (5.0.1-2build2) ...
#7 120.5 Selecting previously unselected package libxerces-c3.2:amd64.
#7 120.5 Preparing to unpack .../215-libxerces-c3.2_3.2.3+debian-3ubuntu0.1_amd64.deb ...
#7 120.5 Unpacking libxerces-c3.2:amd64 (3.2.3+debian-3ubuntu0.1) ...
#7 120.7 Selecting previously unselected package libgdal30.
#7 120.7 Preparing to unpack .../216-libgdal30_3.4.1+dfsg-1build4_amd64.deb ...
#7 120.7 Unpacking libgdal30 (3.4.1+dfsg-1build4) ...
#7 121.2 Selecting previously unselected package python3-gdal.
#7 121.2 Preparing to unpack .../217-python3-gdal_3.4.1+dfsg-1build4_amd64.deb ...
#7 121.3 Unpacking python3-gdal (3.4.1+dfsg-1build4) ...
#7 121.6 Selecting previously unselected package gdal-bin.
#7 121.6 Preparing to unpack .../218-gdal-bin_3.4.1+dfsg-1build4_amd64.deb ...
#7 121.6 Unpacking gdal-bin (3.4.1+dfsg-1build4) ...
#7 121.8 Selecting previously unselected package liberror-perl.
#7 121.8 Preparing to unpack .../219-liberror-perl_0.17029-1_all.deb ...
#7 121.8 Unpacking liberror-perl (0.17029-1) ...
#7 122.0 Selecting previously unselected package git-man.
#7 122.0 Preparing to unpack .../220-git-man_1%3a2.34.1-1ubuntu1.15_all.deb ...
#7 122.0 Unpacking git-man (1:2.34.1-1ubuntu1.15) ...
#7 122.2 Selecting previously unselected package git.
#7 122.2 Preparing to unpack .../221-git_1%3a2.34.1-1ubuntu1.15_amd64.deb ...
#7 122.3 Unpacking git (1:2.34.1-1ubuntu1.15) ...
#7 122.6 Selecting previously unselected package hdf5-helpers.
#7 122.6 Preparing to unpack .../222-hdf5-helpers_1.10.7+repack-4ubuntu2_amd64.deb ...
#7 122.7 Unpacking hdf5-helpers (1.10.7+repack-4ubuntu2) ...
#7 122.8 Selecting previously unselected package icu-devtools.
#7 122.8 Preparing to unpack .../223-icu-devtools_70.1-2_amd64.deb ...
#7 122.8 Unpacking icu-devtools (70.1-2) ...
#7 123.0 Selecting previously unselected package libaom-dev:amd64.
#7 123.0 Preparing to unpack .../224-libaom-dev_3.3.0-1ubuntu0.1_amd64.deb ...
#7 123.0 Unpacking libaom-dev:amd64 (3.3.0-1ubuntu0.1) ...
#7 123.5 Selecting previously unselected package libblas-dev:amd64.
#7 123.5 Preparing to unpack .../225-libblas-dev_3.10.0-2ubuntu1_amd64.deb ...
#7 123.5 Unpacking libblas-dev:amd64 (3.10.0-2ubuntu1) ...
#7 123.7 Selecting previously unselected package liblapack-dev:amd64.
#7 123.7 Preparing to unpack .../226-liblapack-dev_3.10.0-2ubuntu1_amd64.deb ...
#7 123.7 Unpacking liblapack-dev:amd64 (3.10.0-2ubuntu1) ...
#7 124.2 Selecting previously unselected package libarpack2-dev:amd64.
#7 124.2 Preparing to unpack .../227-libarpack2-dev_3.8.0-1_amd64.deb ...
#7 124.2 Unpacking libarpack2-dev:amd64 (3.8.0-1) ...
#7 124.4 Selecting previously unselected package libhdf5-fortran-102:amd64.
#7 124.4 Preparing to unpack .../228-libhdf5-fortran-102_1.10.7+repack-4ubuntu2_amd64.deb ...
#7 124.4 Unpacking libhdf5-fortran-102:amd64 (1.10.7+repack-4ubuntu2) ...
#7 124.7 Selecting previously unselected package libhdf5-hl-fortran-100:amd64.
#7 124.7 Preparing to unpack .../229-libhdf5-hl-fortran-100_1.10.7+repack-4ubuntu2_amd64.deb ...
#7 124.7 Unpacking libhdf5-hl-fortran-100:amd64 (1.10.7+repack-4ubuntu2) ...
#7 124.8 Selecting previously unselected package libhdf5-cpp-103-1:amd64.
#7 124.8 Preparing to unpack .../230-libhdf5-cpp-103-1_1.10.7+repack-4ubuntu2_amd64.deb ...
#7 124.8 Unpacking libhdf5-cpp-103-1:amd64 (1.10.7+repack-4ubuntu2) ...
#7 125.0 Selecting previously unselected package libhdf5-hl-cpp-100:amd64.
#7 125.0 Preparing to unpack .../231-libhdf5-hl-cpp-100_1.10.7+repack-4ubuntu2_amd64.deb ...
#7 125.0 Unpacking libhdf5-hl-cpp-100:amd64 (1.10.7+repack-4ubuntu2) ...
#7 125.1 Selecting previously unselected package libjpeg-turbo8-dev:amd64.
#7 125.1 Preparing to unpack .../232-libjpeg-turbo8-dev_2.1.2-0ubuntu1_amd64.deb ...
#7 125.1 Unpacking libjpeg-turbo8-dev:amd64 (2.1.2-0ubuntu1) ...
#7 125.3 Selecting previously unselected package libjpeg8-dev:amd64.
#7 125.3 Preparing to unpack .../233-libjpeg8-dev_8c-2ubuntu10_amd64.deb ...
#7 125.3 Unpacking libjpeg8-dev:amd64 (8c-2ubuntu10) ...
#7 125.4 Selecting previously unselected package libjpeg-dev:amd64.
#7 125.4 Preparing to unpack .../234-libjpeg-dev_8c-2ubuntu10_amd64.deb ...
#7 125.4 Unpacking libjpeg-dev:amd64 (8c-2ubuntu10) ...
#7 125.6 Selecting previously unselected package libaec-dev:amd64.
#7 125.6 Preparing to unpack .../235-libaec-dev_1.0.6-1_amd64.deb ...
#7 125.6 Unpacking libaec-dev:amd64 (1.0.6-1) ...
#7 125.7 Selecting previously unselected package libcurl4-openssl-dev:amd64.
#7 125.7 Preparing to unpack .../236-libcurl4-openssl-dev_7.81.0-1ubuntu1.21_amd64.deb ...
#7 125.7 Unpacking libcurl4-openssl-dev:amd64 (7.81.0-1ubuntu1.21) ...
#7 125.9 Selecting previously unselected package libhdf5-dev.
#7 125.9 Preparing to unpack .../237-libhdf5-dev_1.10.7+repack-4ubuntu2_amd64.deb ...
#7 125.9 Unpacking libhdf5-dev (1.10.7+repack-4ubuntu2) ...
#7 126.2 Selecting previously unselected package libsuperlu-dev:amd64.
#7 126.2 Preparing to unpack .../238-libsuperlu-dev_5.3.0+dfsg1-2_amd64.deb ...
#7 126.2 Unpacking libsuperlu-dev:amd64 (5.3.0+dfsg1-2) ...
#7 126.4 Selecting previously unselected package libarmadillo-dev.
#7 126.4 Preparing to unpack .../239-libarmadillo-dev_1%3a10.8.2+dfsg-1_amd64.deb ...
#7 126.4 Unpacking libarmadillo-dev (1:10.8.2+dfsg-1) ...
#7 126.7 Selecting previously unselected package libblosc-dev.
#7 126.7 Preparing to unpack .../240-libblosc-dev_1.21.1+ds2-2_amd64.deb ...
#7 126.7 Unpacking libblosc-dev (1.21.1+ds2-2) ...
#7 126.9 Selecting previously unselected package libboost1.74-dev:amd64.
#7 126.9 Preparing to unpack .../241-libboost1.74-dev_1.74.0-14ubuntu3_amd64.deb ...
#7 126.9 Unpacking libboost1.74-dev:amd64 (1.74.0-14ubuntu3) ...
#7 131.6 Selecting previously unselected package libboost-dev:amd64.
#7 131.6 Preparing to unpack .../242-libboost-dev_1.74.0.3ubuntu7_amd64.deb ...
#7 131.6 Unpacking libboost-dev:amd64 (1.74.0.3ubuntu7) ...
#7 131.7 Selecting previously unselected package libcfitsio-dev:amd64.
#7 131.7 Preparing to unpack .../243-libcfitsio-dev_4.0.0-1_amd64.deb ...
#7 131.7 Unpacking libcfitsio-dev:amd64 (4.0.0-1) ...
#7 131.9 Selecting previously unselected package libcgif0.
#7 131.9 Preparing to unpack .../244-libcgif0_0.2.0-1_amd64.deb ...
#7 131.9 Unpacking libcgif0 (0.2.0-1) ...
#7 132.1 Selecting previously unselected package libcharls-dev:amd64.
#7 132.1 Preparing to unpack .../245-libcharls-dev_2.3.4-1_amd64.deb ...
#7 132.2 Unpacking libcharls-dev:amd64 (2.3.4-1) ...
#7 132.3 Selecting previously unselected package libdav1d-dev:amd64.
#7 132.3 Preparing to unpack .../246-libdav1d-dev_0.9.2-1_amd64.deb ...
#7 132.3 Unpacking libdav1d-dev:amd64 (0.9.2-1) ...
#7 132.5 Selecting previously unselected package libde265-dev:amd64.
#7 132.5 Preparing to unpack .../247-libde265-dev_1.0.8-1ubuntu0.3_amd64.deb ...
#7 132.5 Unpacking libde265-dev:amd64 (1.0.8-1ubuntu0.3) ...
#7 132.6 Selecting previously unselected package libdeflate-dev:amd64.
#7 132.6 Preparing to unpack .../248-libdeflate-dev_1.10-2_amd64.deb ...
#7 132.6 Unpacking libdeflate-dev:amd64 (1.10-2) ...
#7 132.8 Selecting previously unselected package libegl-mesa0:amd64.
#7 132.8 Preparing to unpack .../249-libegl-mesa0_23.2.1-1ubuntu3.1~22.04.3_amd64.deb ...
#7 132.8 Unpacking libegl-mesa0:amd64 (23.2.1-1ubuntu3.1~22.04.3) ...
#7 132.9 Selecting previously unselected package libexif12:amd64.
#7 132.9 Preparing to unpack .../250-libexif12_0.6.24-1build1_amd64.deb ...
#7 132.9 Unpacking libexif12:amd64 (0.6.24-1build1) ...
#7 133.1 Selecting previously unselected package libfyba-dev:amd64.
#7 133.1 Preparing to unpack .../251-libfyba-dev_4.1.1-7_amd64.deb ...
#7 133.1 Unpacking libfyba-dev:amd64 (4.1.1-7) ...
#7 133.2 Selecting previously unselected package libgeos-dev.
#7 133.3 Preparing to unpack .../252-libgeos-dev_3.10.2-1_amd64.deb ...
#7 133.3 Unpacking libgeos-dev (3.10.2-1) ...
#7 133.4 Selecting previously unselected package libgif-dev.
#7 133.4 Preparing to unpack .../253-libgif-dev_5.1.9-2ubuntu0.1_amd64.deb ...
#7 133.4 Unpacking libgif-dev (5.1.9-2ubuntu0.1) ...
#7 133.5 Selecting previously unselected package libgsf-1-common.
#7 133.5 Preparing to unpack .../254-libgsf-1-common_1.14.47-1ubuntu0.1_all.deb ...
#7 133.5 Unpacking libgsf-1-common (1.14.47-1ubuntu0.1) ...
#7 133.7 Selecting previously unselected package libgsf-1-114:amd64.
#7 133.7 Preparing to unpack .../255-libgsf-1-114_1.14.47-1ubuntu0.1_amd64.deb ...
#7 133.7 Unpacking libgsf-1-114:amd64 (1.14.47-1ubuntu0.1) ...
#7 133.8 Selecting previously unselected package libhashkit2:amd64.
#7 133.8 Preparing to unpack .../256-libhashkit2_1.0.18-4.2ubuntu4_amd64.deb ...
#7 133.8 Unpacking libhashkit2:amd64 (1.0.18-4.2ubuntu4) ...
#7 134.0 Selecting previously unselected package libhashkit-dev:amd64.
#7 134.0 Preparing to unpack .../257-libhashkit-dev_1.0.18-4.2ubuntu4_amd64.deb ...
#7 134.0 Unpacking libhashkit-dev:amd64 (1.0.18-4.2ubuntu4) ...
#7 134.1 Selecting previously unselected package libx265-dev:amd64.
#7 134.1 Preparing to unpack .../258-libx265-dev_3.5-2_amd64.deb ...
#7 134.2 Unpacking libx265-dev:amd64 (3.5-2) ...
#7 134.6 Selecting previously unselected package libheif-dev:amd64.
#7 134.6 Preparing to unpack .../259-libheif-dev_1.12.0-2build1_amd64.deb ...
#7 134.6 Unpacking libheif-dev:amd64 (1.12.0-2build1) ...
#7 134.7 Selecting previously unselected package libice6:amd64.
#7 134.8 Preparing to unpack .../260-libice6_2%3a1.0.10-1build2_amd64.deb ...
#7 134.8 Unpacking libice6:amd64 (2:1.0.10-1build2) ...
#7 134.9 Selecting previously unselected package libicu-dev:amd64.
#7 134.9 Preparing to unpack .../261-libicu-dev_70.1-2_amd64.deb ...
#7 134.9 Unpacking libicu-dev:amd64 (70.1-2) ...
#7 136.1 Selecting previously unselected package libilmbase25:amd64.
#7 136.1 Preparing to unpack .../262-libilmbase25_2.5.7-2_amd64.deb ...
#7 136.1 Unpacking libilmbase25:amd64 (2.5.7-2) ...
#7 136.3 Selecting previously unselected package libimagequant0:amd64.
#7 136.3 Preparing to unpack .../263-libimagequant0_2.17.0-1_amd64.deb ...
#7 136.3 Unpacking libimagequant0:amd64 (2.17.0-1) ...
#7 136.5 Selecting previously unselected package libkmlconvenience1:amd64.
#7 136.5 Preparing to unpack .../264-libkmlconvenience1_1.3.0-9_amd64.deb ...
#7 136.5 Unpacking libkmlconvenience1:amd64 (1.3.0-9) ...
#7 136.6 Selecting previously unselected package libkmlregionator1:amd64.
#7 136.6 Preparing to unpack .../265-libkmlregionator1_1.3.0-9_amd64.deb ...
#7 136.7 Unpacking libkmlregionator1:amd64 (1.3.0-9) ...
#7 136.8 Selecting previously unselected package libkmlxsd1:amd64.
#7 136.8 Preparing to unpack .../266-libkmlxsd1_1.3.0-9_amd64.deb ...
#7 136.8 Unpacking libkmlxsd1:amd64 (1.3.0-9) ...
#7 137.0 Selecting previously unselected package libltdl-dev:amd64.
#7 137.0 Preparing to unpack .../267-libltdl-dev_2.4.6-15build2_amd64.deb ...
#7 137.0 Unpacking libltdl-dev:amd64 (2.4.6-15build2) ...
#7 137.1 Selecting previously unselected package libmatio11:amd64.
#7 137.1 Preparing to unpack .../268-libmatio11_1.5.21-1_amd64.deb ...
#7 137.1 Unpacking libmatio11:amd64 (1.5.21-1) ...
#7 137.3 Selecting previously unselected package libmemcached11:amd64.
#7 137.3 Preparing to unpack .../269-libmemcached11_1.0.18-4.2ubuntu4_amd64.deb ...
#7 137.3 Unpacking libmemcached11:amd64 (1.0.18-4.2ubuntu4) ...
#7 137.4 Selecting previously unselected package libmemcachedutil2:amd64.
#7 137.4 Preparing to unpack .../270-libmemcachedutil2_1.0.18-4.2ubuntu4_amd64.deb ...
#7 137.4 Unpacking libmemcachedutil2:amd64 (1.0.18-4.2ubuntu4) ...
#7 137.6 Selecting previously unselected package libminizip-dev:amd64.
#7 137.6 Preparing to unpack .../271-libminizip-dev_1.1-8build1_amd64.deb ...
#7 137.6 Unpacking libminizip-dev:amd64 (1.1-8build1) ...
#7 137.7 Selecting previously unselected package libnetcdf-dev.
#7 137.7 Preparing to unpack .../272-libnetcdf-dev_1%3a4.8.1-1_amd64.deb ...
#7 137.7 Unpacking libnetcdf-dev (1:4.8.1-1) ...
#7 137.9 Selecting previously unselected package libodbccr2:amd64.
#7 137.9 Preparing to unpack .../273-libodbccr2_2.3.9-5ubuntu0.1_amd64.deb ...
#7 137.9 Unpacking libodbccr2:amd64 (2.3.9-5ubuntu0.1) ...
#7 138.0 Selecting previously unselected package libogdi-dev.
#7 138.0 Preparing to unpack .../274-libogdi-dev_4.1.0+ds-5_amd64.deb ...
#7 138.0 Unpacking libogdi-dev (4.1.0+ds-5) ...
#7 138.2 Selecting previously unselected package libopenexr25:amd64.
#7 138.2 Preparing to unpack .../275-libopenexr25_2.5.7-1_amd64.deb ...
#7 138.2 Unpacking libopenexr25:amd64 (2.5.7-1) ...
#7 138.3 Selecting previously unselected package libopenslide0.
#7 138.3 Preparing to unpack .../276-libopenslide0_3.4.1+dfsg-5build1_amd64.deb ...
#7 138.3 Unpacking libopenslide0 (3.4.1+dfsg-5build1) ...
#7 138.5 Selecting previously unselected package liborc-0.4-0:amd64.
#7 138.5 Preparing to unpack .../277-liborc-0.4-0_1%3a0.4.32-2ubuntu0.1_amd64.deb ...
#7 138.5 Unpacking liborc-0.4-0:amd64 (1:0.4.32-2ubuntu0.1) ...
#7 138.7 Selecting previously unselected package libpcre2-16-0:amd64.
#7 138.7 Preparing to unpack .../278-libpcre2-16-0_10.39-3ubuntu0.1_amd64.deb ...
#7 138.7 Unpacking libpcre2-16-0:amd64 (10.39-3ubuntu0.1) ...
#7 138.8 Selecting previously unselected package libpcre2-32-0:amd64.
#7 138.8 Preparing to unpack .../279-libpcre2-32-0_10.39-3ubuntu0.1_amd64.deb ...
#7 138.8 Unpacking libpcre2-32-0:amd64 (10.39-3ubuntu0.1) ...
#7 139.0 Selecting previously unselected package libpcre2-posix3:amd64.
#7 139.0 Preparing to unpack .../280-libpcre2-posix3_10.39-3ubuntu0.1_amd64.deb ...
#7 139.0 Unpacking libpcre2-posix3:amd64 (10.39-3ubuntu0.1) ...
#7 139.1 Selecting previously unselected package libpcre2-dev:amd64.
#7 139.1 Preparing to unpack .../281-libpcre2-dev_10.39-3ubuntu0.1_amd64.deb ...
#7 139.1 Unpacking libpcre2-dev:amd64 (10.39-3ubuntu0.1) ...
#7 139.3 Selecting previously unselected package libpng-dev:amd64.
#7 139.3 Preparing to unpack .../282-libpng-dev_1.6.37-3ubuntu0.3_amd64.deb ...
#7 139.3 Unpacking libpng-dev:amd64 (1.6.37-3ubuntu0.3) ...
#7 139.5 Selecting previously unselected package libpoppler-dev:amd64.
#7 139.5 Preparing to unpack .../283-libpoppler-dev_22.02.0-2ubuntu0.12_amd64.deb ...
#7 139.5 Unpacking libpoppler-dev:amd64 (22.02.0-2ubuntu0.12) ...
#7 139.6 Selecting previously unselected package libpoppler-glib8:amd64.
#7 139.6 Preparing to unpack .../284-libpoppler-glib8_22.02.0-2ubuntu0.12_amd64.deb ...
#7 139.6 Unpacking libpoppler-glib8:amd64 (22.02.0-2ubuntu0.12) ...
#7 139.8 Selecting previously unselected package libpoppler-private-dev:amd64.
#7 139.8 Preparing to unpack .../285-libpoppler-private-dev_22.02.0-2ubuntu0.12_amd64.deb ...
#7 139.8 Unpacking libpoppler-private-dev:amd64 (22.02.0-2ubuntu0.12) ...
#7 140.0 Selecting previously unselected package libpq-dev.
#7 140.0 Preparing to unpack .../286-libpq-dev_14.20-0ubuntu0.22.04.1_amd64.deb ...
#7 140.0 Unpacking libpq-dev (14.20-0ubuntu0.22.04.1) ...
#7 140.1 Selecting previously unselected package libqhull8.0:amd64.
#7 140.1 Preparing to unpack .../287-libqhull8.0_2020.2-4_amd64.deb ...
#7 140.1 Unpacking libqhull8.0:amd64 (2020.2-4) ...
#7 140.2 Selecting previously unselected package libqhullcpp8.0:amd64.
#7 140.3 Preparing to unpack .../288-libqhullcpp8.0_2020.2-4_amd64.deb ...
#7 140.3 Unpacking libqhullcpp8.0:amd64 (2020.2-4) ...
#7 140.4 Selecting previously unselected package libqhull-dev:amd64.
#7 140.4 Preparing to unpack .../289-libqhull-dev_2020.2-4_amd64.deb ...
#7 140.4 Unpacking libqhull-dev:amd64 (2020.2-4) ...
#7 140.6 Selecting previously unselected package librttopo-dev:amd64.
#7 140.6 Preparing to unpack .../290-librttopo-dev_1.1.0-2_amd64.deb ...
#7 140.6 Unpacking librttopo-dev:amd64 (1.1.0-2) ...
#7 140.8 Selecting previously unselected package libsasl2-dev.
#7 140.8 Preparing to unpack .../291-libsasl2-dev_2.1.27+dfsg2-3ubuntu1.2_amd64.deb ...
#7 140.8 Unpacking libsasl2-dev (2.1.27+dfsg2-3ubuntu1.2) ...
#7 141.0 Selecting previously unselected package libsm6:amd64.
#7 141.0 Preparing to unpack .../292-libsm6_2%3a1.2.3-1build2_amd64.deb ...
#7 141.0 Unpacking libsm6:amd64 (2:1.2.3-1build2) ...
#7 141.1 Selecting previously unselected package libsqlite3-dev:amd64.
#7 141.1 Preparing to unpack .../293-libsqlite3-dev_3.37.2-2ubuntu0.5_amd64.deb ...
#7 141.1 Unpacking libsqlite3-dev:amd64 (3.37.2-2ubuntu0.5) ...
#7 141.3 Selecting previously unselected package libjbig-dev:amd64.
#7 141.3 Preparing to unpack .../294-libjbig-dev_2.1-3.1ubuntu0.22.04.1_amd64.deb ...
#7 141.3 Unpacking libjbig-dev:amd64 (2.1-3.1ubuntu0.22.04.1) ...
#7 141.4 Selecting previously unselected package liblzma-dev:amd64.
#7 141.4 Preparing to unpack .../295-liblzma-dev_5.2.5-2ubuntu1_amd64.deb ...
#7 141.4 Unpacking liblzma-dev:amd64 (5.2.5-2ubuntu1) ...
#7 141.6 Selecting previously unselected package libtiffxx5:amd64.
#7 141.6 Preparing to unpack .../296-libtiffxx5_4.3.0-6ubuntu0.12_amd64.deb ...
#7 141.6 Unpacking libtiffxx5:amd64 (4.3.0-6ubuntu0.12) ...
#7 141.7 Selecting previously unselected package libtiff-dev:amd64.
#7 141.7 Preparing to unpack .../297-libtiff-dev_4.3.0-6ubuntu0.12_amd64.deb ...
#7 141.7 Unpacking libtiff-dev:amd64 (4.3.0-6ubuntu0.12) ...
#7 141.9 Selecting previously unselected package libtool.
#7 141.9 Preparing to unpack .../298-libtool_2.4.6-15build2_all.deb ...
#7 141.9 Unpacking libtool (2.4.6-15build2) ...
#7 142.0 Selecting previously unselected package liburiparser-dev.
#7 142.0 Preparing to unpack .../299-liburiparser-dev_0.9.6+dfsg-1_amd64.deb ...
#7 142.0 Unpacking liburiparser-dev (0.9.6+dfsg-1) ...
#7 142.2 Selecting previously unselected package libvips42:amd64.
#7 142.2 Preparing to unpack .../300-libvips42_8.12.1-1build1_amd64.deb ...
#7 142.2 Unpacking libvips42:amd64 (8.12.1-1build1) ...
#7 142.4 Selecting previously unselected package libxerces-c-dev:amd64.
#7 142.4 Preparing to unpack .../301-libxerces-c-dev_3.2.3+debian-3ubuntu0.1_amd64.deb ...
#7 142.4 Unpacking libxerces-c-dev:amd64 (3.2.3+debian-3ubuntu0.1) ...
#7 142.9 Selecting previously unselected package libxml2-dev:amd64.
#7 142.9 Preparing to unpack .../302-libxml2-dev_2.9.13+dfsg-1ubuntu0.11_amd64.deb ...
#7 142.9 Unpacking libxml2-dev:amd64 (2.9.13+dfsg-1ubuntu0.11) ...
#7 143.0 Selecting previously unselected package libxslt1.1:amd64.
#7 143.0 Preparing to unpack .../303-libxslt1.1_1.1.34-4ubuntu0.22.04.5_amd64.deb ...
#7 143.0 Unpacking libxslt1.1:amd64 (1.1.34-4ubuntu0.22.04.5) ...
#7 143.2 Selecting previously unselected package openslide-tools.
#7 143.2 Preparing to unpack .../304-openslide-tools_3.4.1+dfsg-5build1_amd64.deb ...
#7 143.2 Unpacking openslide-tools (3.4.1+dfsg-5build1) ...
#7 143.3 Preparing to unpack .../305-unzip_6.0-26ubuntu3.2_amd64.deb ...
#7 143.4 Unpacking unzip (6.0-26ubuntu3.2) over (6.0-26ubuntu3.1) ...
#7 143.6 Selecting previously unselected package libegl1:amd64.
#7 143.6 Preparing to unpack .../306-libegl1_1.4.0-1_amd64.deb ...
#7 143.6 Unpacking libegl1:amd64 (1.4.0-1) ...
#7 143.9 Selecting previously unselected package libfreexl-dev:amd64.
#7 143.9 Preparing to unpack .../307-libfreexl-dev_1.0.6-1_amd64.deb ...
#7 143.9 Unpacking libfreexl-dev:amd64 (1.0.6-1) ...
#7 144.0 Selecting previously unselected package libproj-dev:amd64.
#7 144.0 Preparing to unpack .../308-libproj-dev_8.2.1-1_amd64.deb ...
#7 144.0 Unpacking libproj-dev:amd64 (8.2.1-1) ...
#7 144.3 Selecting previously unselected package libgeotiff-dev:amd64.
#7 144.3 Preparing to unpack .../309-libgeotiff-dev_1.7.0-2build1_amd64.deb ...
#7 144.3 Unpacking libgeotiff-dev:amd64 (1.7.0-2build1) ...
#7 144.4 Selecting previously unselected package libhdf4-alt-dev.
#7 144.5 Preparing to unpack .../310-libhdf4-alt-dev_4.2.15-4_amd64.deb ...
#7 144.5 Unpacking libhdf4-alt-dev (4.2.15-4) ...
#7 144.7 Selecting previously unselected package libjson-c-dev:amd64.
#7 144.7 Preparing to unpack .../311-libjson-c-dev_0.15-3~ubuntu1.22.04.2_amd64.deb ...
#7 144.7 Unpacking libjson-c-dev:amd64 (0.15-3~ubuntu1.22.04.2) ...
#7 144.9 Selecting previously unselected package libkml-dev:amd64.
#7 144.9 Preparing to unpack .../312-libkml-dev_1.3.0-9_amd64.deb ...
#7 144.9 Unpacking libkml-dev:amd64 (1.3.0-9) ...
#7 145.1 Selecting previously unselected package liblz4-dev:amd64.
#7 145.2 Preparing to unpack .../313-liblz4-dev_1.9.3-2build2_amd64.deb ...
#7 145.2 Unpacking liblz4-dev:amd64 (1.9.3-2build2) ...
#7 145.3 Selecting previously unselected package libopenjp2-7-dev:amd64.
#7 145.3 Preparing to unpack .../314-libopenjp2-7-dev_2.4.0-6ubuntu0.4_amd64.deb ...
#7 145.3 Unpacking libopenjp2-7-dev:amd64 (2.4.0-6ubuntu0.4) ...
#7 145.4 Selecting previously unselected package libspatialite-dev:amd64.
#7 145.5 Preparing to unpack .../315-libspatialite-dev_5.0.1-2build2_amd64.deb ...
#7 145.5 Unpacking libspatialite-dev:amd64 (5.0.1-2build2) ...
#7 145.8 Selecting previously unselected package libwebp-dev:amd64.
#7 145.8 Preparing to unpack .../316-libwebp-dev_1.2.2-2ubuntu0.22.04.2_amd64.deb ...
#7 145.8 Unpacking libwebp-dev:amd64 (1.2.2-2ubuntu0.22.04.2) ...
#7 146.1 Selecting previously unselected package unixodbc-dev:amd64.
#7 146.1 Preparing to unpack .../317-unixodbc-dev_2.3.9-5ubuntu0.1_amd64.deb ...
#7 146.1 Unpacking unixodbc-dev:amd64 (2.3.9-5ubuntu0.1) ...
#7 146.3 Selecting previously unselected package libgdal-dev.
#7 146.3 Preparing to unpack .../318-libgdal-dev_3.4.1+dfsg-1build4_amd64.deb ...
#7 146.3 Unpacking libgdal-dev (3.4.1+dfsg-1build4) ...
#7 147.5 Selecting previously unselected package libmemcached-dev:amd64.
#7 147.5 Preparing to unpack .../319-libmemcached-dev_1.0.18-4.2ubuntu4_amd64.deb ...
#7 147.5 Unpacking libmemcached-dev:amd64 (1.0.18-4.2ubuntu4) ...
#7 147.8 Setting up libgme0:amd64 (0.6.3-2) ...
#7 147.8 Setting up libssh-gcrypt-4:amd64 (0.9.6-2ubuntu0.22.04.5) ...
#7 147.8 Setting up libexpat1:amd64 (2.4.7-1ubuntu0.6) ...
#7 147.8 Setting up libgsf-1-common (1.14.47-1ubuntu0.1) ...
#7 147.8 Setting up libgraphite2-3:amd64 (1.3.14-1build2) ...
#7 147.8 Setting up libsrt1.4-gnutls:amd64 (1.4.4-4) ...
#7 147.8 Setting up liblcms2-2:amd64 (2.12~rc1-2build2) ...
#7 147.8 Setting up libpixman-1-0:amd64 (0.40.0-1ubuntu0.22.04.1) ...
#7 147.8 Setting up libudfread0:amd64 (1.1.2-1) ...
#7 147.9 Setting up libwayland-server0:amd64 (1.20.0-1ubuntu0.1) ...
#7 147.9 Setting up libgeos3.10.2:amd64 (3.10.2-1) ...
#7 147.9 Setting up libaom3:amd64 (3.3.0-1ubuntu0.1) ...
#7 147.9 Setting up libpciaccess0:amd64 (0.16-3) ...
#7 147.9 Setting up mysql-common (5.8+1.0.8) ...
#7 148.1 update-alternatives: using /etc/mysql/my.cnf.fallback to provide /etc/mysql/my.cnf (my.cnf) in auto mode
#7 148.1 Setting up librabbitmq4:amd64 (0.10.0-1ubuntu2) ...
#7 148.1 Setting up libmysqlclient21:amd64 (8.0.44-0ubuntu0.22.04.2) ...
#7 148.1 Setting up libxau6:amd64 (1:1.0.9-1build5) ...
#7 148.1 Setting up imagemagick-6-common (8:6.9.11.60+dfsg-1.3ubuntu0.22.04.5) ...
#7 148.1 Setting up libraw1394-11:amd64 (2.1.2-2build2) ...
#7 148.1 Setting up libboost1.74-dev:amd64 (1.74.0-14ubuntu3) ...
#7 148.2 Setting up libcgif0 (0.2.0-1) ...
#7 148.2 Setting up libcodec2-1.0:amd64 (1.0.1-3) ...
#7 148.2 Setting up libsodium23:amd64 (1.0.18-1ubuntu0.22.04.1) ...
#7 148.2 Setting up libmpg123-0:amd64 (1.29.3-1ubuntu0.1) ...
#7 148.2 Setting up libogg0:amd64 (1.3.5-0ubuntu3) ...
#7 148.2 Setting up libzstd-dev:amd64 (1.4.8+dfsg-3build1) ...
#7 148.2 Setting up libxerces-c3.2:amd64 (3.2.3+debian-3ubuntu0.1) ...
#7 148.2 Setting up libspeex1:amd64 (1.2~rc1.2-1.1ubuntu3) ...
#7 148.2 Setting up proj-data (8.2.1-1) ...
#7 148.2 Setting up libshine3:amd64 (3.1.1-2) ...
#7 148.2 Setting up wget (1.21.2-2ubuntu1.1) ...
#7 148.2 Setting up hdf5-helpers (1.10.7+repack-4ubuntu2) ...
#7 148.2 Setting up libtwolame0:amd64 (0.4.0-2build2) ...
#7 148.2 Setting up libdatrie1:amd64 (0.2.13-2) ...
#7 148.2 Setting up libmagic-mgc (1:5.41-3ubuntu0.1) ...
#7 148.2 Setting up libogdi4.1 (4.1.0+ds-5) ...
#7 148.2 Setting up libqhull8.0:amd64 (2020.2-4) ...
#7 148.3 Setting up libgsm1:amd64 (1.0.19-1) ...
#7 148.3 Setting up libcharls2:amd64 (2.3.4-1) ...
#7 148.3 Setting up libminizip1:amd64 (1.1-8build1) ...
#7 148.3 Setting up libglvnd0:amd64 (1.4.0-1) ...
#7 148.3 Setting up libjson-c-dev:amd64 (0.15-3~ubuntu1.22.04.2) ...
#7 148.3 Setting up libpgm-5.3-0:amd64 (5.3.128~dfsg-2) ...
#7 148.3 Setting up unzip (6.0-26ubuntu3.2) ...
#7 148.3 Setting up libsqlite3-0:amd64 (3.37.2-2ubuntu0.5) ...
#7 148.3 Setting up libgdk-pixbuf2.0-common (2.42.8+dfsg-1ubuntu0.4) ...
#7 148.3 Setting up libnorm1:amd64 (1.5.9+dfsg-2) ...
#7 148.3 Setting up libmysofa1:amd64 (1.2.1~dfsg0-1) ...
#7 148.4 Setting up x11-common (1:7.7+23ubuntu2) ...
#7 149.1 invoke-rc.d: could not determine current runlevel
#7 149.2 invoke-rc.d: policy-rc.d denied execution of start.
#7 149.2 Setting up libsensors-config (1:3.6.0-7ubuntu1) ...
#7 149.2 Setting up libmagic1:amd64 (1:5.41-3ubuntu0.1) ...
#7 149.2 Setting up libpq5:amd64 (14.20-0ubuntu0.22.04.1) ...
#7 149.2 Setting up libdeflate0:amd64 (1.10-2) ...
#7 149.2 Setting up libqhull-r8.0:amd64 (2020.2-4) ...
#7 149.2 Setting up xkb-data (2.33-1) ...
#7 149.2 Setting up libilmbase25:amd64 (2.5.7-2) ...
#7 149.2 Setting up file (1:5.41-3ubuntu0.1) ...
#7 149.3 Setting up libgomp1:amd64 (12.3.0-1ubuntu1~22.04.2) ...
#7 149.3 Setting up libcdio19:amd64 (2.1.0-3ubuntu0.2) ...
#7 149.3 Setting up libxvidcore4:amd64 (2:1.3.7-1) ...
#7 149.3 Setting up libjbig0:amd64 (2.1-3.1ubuntu0.22.04.1) ...
#7 149.3 Setting up libpcre2-16-0:amd64 (10.39-3ubuntu0.1) ...
#7 149.3 Setting up libaec0:amd64 (1.0.6-1) ...
#7 149.3 Setting up gdal-data (3.4.1+dfsg-1build4) ...
#7 149.3 Setting up libhashkit2:amd64 (1.0.18-4.2ubuntu4) ...
#7 149.3 Setting up libsnappy1v5:amd64 (1.1.8-1build3) ...
#7 149.3 Setting up libflac8:amd64 (1.3.3-2ubuntu0.2) ...
#7 149.3 Setting up libcfitsio9:amd64 (4.0.0-1) ...
#7 149.3 Setting up libaom-dev:amd64 (3.3.0-1ubuntu0.1) ...
#7 149.3 Setting up libopenexr25:amd64 (2.5.7-1) ...
#7 149.3 Setting up liberror-perl (0.17029-1) ...
#7 149.3 Setting up libasound2-data (1.2.6.1-1ubuntu1) ...
#7 149.3 Setting up libminizip-dev:amd64 (1.1-8build1) ...
#7 149.4 Setting up ca-certificates (20240203~22.04.1) ...
#7 175.6 Updating certificates in /etc/ssl/certs...
#7 191.6 rehash: warning: skipping ca-certificates.crt,it does not contain exactly one certificate or CRL
#7 191.8 14 added, 5 removed; done.
#7 191.9 Setting up autotools-dev (20220109.1) ...
#7 191.9 Setting up libpcre2-32-0:amd64 (10.39-3ubuntu0.1) ...
#7 191.9 Setting up libblas3:amd64 (3.10.0-2ubuntu1) ...
#7 192.0 update-alternatives: using /usr/lib/x86_64-linux-gnu/blas/libblas.so.3 to provide /usr/lib/x86_64-linux-gnu/libblas.so.3 (libblas.so.3-x86_64-linux-gnu) in auto mode
#7 192.0 Setting up libsasl2-dev (2.1.27+dfsg2-3ubuntu1.2) ...
#7 192.0 Setting up libuv1:amd64 (1.43.0-1ubuntu0.1) ...
#7 192.0 Setting up libexpat1-dev:amd64 (2.4.7-1ubuntu0.6) ...
#7 192.0 Setting up emacsen-common (3.0.4) ...
#7 192.4 Setting up libslang2:amd64 (2.3.2-5build4) ...
#7 192.4 Setting up libva2:amd64 (2.14.0-1) ...
#7 192.5 Setting up libsqlite3-dev:amd64 (3.37.2-2ubuntu0.5) ...
#7 192.5 Setting up libx11-data (2:1.7.5-1ubuntu0.3) ...
#7 192.5 Setting up libnspr4:amd64 (2:4.35-0ubuntu0.22.04.1) ...
#7 192.5 Setting up dh-elpa-helper (2.0.9ubuntu1) ...
#7 192.5 Setting up libx264-163:amd64 (2:0.163.3060+git5db6aa6-2build1) ...
#7 192.5 Setting up libsigsegv2:amd64 (2.13-1ubuntu3) ...
#7 192.5 Setting up libfribidi0:amd64 (1.0.8-2ubuntu3.1) ...
#7 192.5 Setting up libopus0:amd64 (1.3.1-0.1build2) ...
#7 192.5 Setting up libquadmath0:amd64 (12.3.0-1ubuntu1~22.04.2) ...
#7 192.5 Setting up libexif12:amd64 (0.6.24-1build1) ...
#7 192.5 Setting up libimagequant0:amd64 (2.17.0-1) ...
#7 192.5 Setting up libssl-dev:amd64 (3.0.2-0ubuntu1.21) ...
#7 192.5 Setting up libpng16-16:amd64 (1.6.37-3ubuntu0.3) ...
#7 192.5 Setting up libatomic1:amd64 (12.3.0-1ubuntu1~22.04.2) ...
#7 192.5 Setting up libvorbis0a:amd64 (1.3.7-1build2) ...
#7 192.5 Setting up libevent-2.1-7:amd64 (2.1.12-stable-1build3) ...
#7 192.5 Setting up liborc-0.4-0:amd64 (1:0.4.32-2ubuntu0.1) ...
#7 192.5 Setting up libjsoncpp25:amd64 (1.9.5-3) ...
#7 192.6 Setting up icu-devtools (70.1-2) ...
#7 192.6 Setting up liblz4-dev:amd64 (1.9.3-2build2) ...
#7 192.6 Setting up libgeos-c1v5:amd64 (3.10.2-1) ...
#7 192.6 Setting up fonts-dejavu-core (2.37-2build1) ...
#7 192.6 Setting up unixodbc-common (2.3.9-5ubuntu0.1) ...
#7 193.0 Setting up libqhullcpp8.0:amd64 (2020.2-4) ...
#7 193.0 Setting up ucf (3.0043) ...
#7 193.5 Setting up libsensors5:amd64 (1:3.6.0-7ubuntu1) ...
#7 193.5 Setting up libjpeg-turbo8:amd64 (2.1.2-0ubuntu1) ...
#7 193.5 Setting up libltdl7:amd64 (2.4.6-15build2) ...
#7 193.5 Setting up libfftw3-double3:amd64 (3.3.8-2ubuntu8) ...
#7 193.6 Setting up libglapi-mesa:amd64 (23.2.1-1ubuntu3.1~22.04.3) ...
#7 193.6 Setting up libqhull-dev:amd64 (2020.2-4) ...
#7 193.6 Setting up libgfortran5:amd64 (12.3.0-1ubuntu1~22.04.2) ...
#7 193.6 Setting up libwebp7:amd64 (1.2.2-2ubuntu0.22.04.2) ...
#7 193.6 Setting up liblzma-dev:amd64 (5.2.5-2ubuntu1) ...
#7 193.6 Setting up libubsan1:amd64 (12.3.0-1ubuntu1~22.04.2) ...
#7 193.6 Setting up libgif7:amd64 (5.1.9-2ubuntu0.1) ...
#7 193.6 Setting up libodbc2:amd64 (2.3.9-5ubuntu0.1) ...
#7 193.6 Setting up liburiparser1:amd64 (0.9.6+dfsg-1) ...
#7 193.6 Setting up libnuma1:amd64 (2.0.14-3ubuntu2) ...
#7 193.6 Setting up libpcre2-posix3:amd64 (10.39-3ubuntu0.1) ...
#7 193.6 Setting up libvidstab1.1:amd64 (1.1.0-2) ...
#7 193.6 Setting up librttopo1:amd64 (1.1.0-2) ...
#7 193.6 Setting up libmd0:amd64 (1.0.4-1build1) ...
#7 193.6 Setting up libfreexl1:amd64 (1.0.6-1) ...
#7 193.6 Setting up liblqr-1-0:amd64 (0.4.2-2.1) ...
#7 193.6 Setting up libmemcached11:amd64 (1.0.18-4.2ubuntu4) ...
#7 193.6 Setting up ocl-icd-libopencl1:amd64 (2.2.14-3) ...
#7 193.6 Setting up libgif-dev (5.1.9-2ubuntu0.1) ...
#7 193.6 Setting up libasyncns0:amd64 (0.8-6build2) ...
#7 193.7 Setting up libxshmfence1:amd64 (1.3-1build4) ...
#7 193.7 Setting up librhash0:amd64 (1.4.2-1ubuntu1) ...
#7 193.7 Setting up libbs2b0:amd64 (3.1.0+dfsg-2.2build1) ...
#7 193.7 Setting up libfyba0:amd64 (4.1.1-7) ...
#7 193.7 Setting up libasound2:amd64 (1.2.6.1-1ubuntu1) ...
#7 193.7 Setting up libkmlbase1:amd64 (1.3.0-9) ...
#7 193.7 Setting up libblosc1:amd64 (1.21.1+ds2-2) ...
#7 193.7 Setting up libzimg2:amd64 (3.0.3+ds1-1) ...
#7 193.7 Setting up libcurl4:amd64 (7.81.0-1ubuntu1.21) ...
#7 193.7 Setting up libopenjp2-7:amd64 (2.4.0-6ubuntu0.4) ...
#7 193.7 Setting up git-man (1:2.34.1-1ubuntu1.15) ...
#7 193.7 Setting up libopenal-data (1:1.19.1-2build3) ...
#7 193.7 Setting up libthai-data (0.1.29-1build1) ...
#7 193.7 Setting up libvpx7:amd64 (1.11.0-2ubuntu2.4) ...
#7 193.7 Setting up cmake-data (3.22.1-1ubuntu1.22.04.2) ...
#7 194.1 Setting up libboost-dev:amd64 (1.74.0.3ubuntu7) ...
#7 194.2 Setting up curl (7.81.0-1ubuntu1.21) ...
#7 194.2 Setting up libwayland-egl1:amd64 (1.20.0-1ubuntu0.1) ...
#7 194.2 Setting up libusb-1.0-0:amd64 (2:1.0.25-1ubuntu2) ...
#7 194.2 Setting up libdav1d5:amd64 (0.9.2-1) ...
#7 194.2 Setting up libmfx1:amd64 (22.3.0-1) ...
#7 194.2 Setting up libde265-0:amd64 (1.0.8-1ubuntu0.3) ...
#7 194.2 Setting up libsamplerate0:amd64 (0.2.2-1build1) ...
#7 194.2 Setting up libwebpmux3:amd64 (1.2.2-2ubuntu0.22.04.2) ...
#7 194.2 Setting up libbsd0:amd64 (0.11.5-1) ...
#7 194.2 Setting up libdeflate-dev:amd64 (1.10-2) ...
#7 194.2 Setting up libdrm-common (2.4.113-2~ubuntu0.22.04.1) ...
#7 194.2 Setting up libogdi-dev (4.1.0+ds-5) ...
#7 194.2 Setting up libicu-dev:amd64 (70.1-2) ...
#7 194.2 Setting up libxml2:amd64 (2.9.13+dfsg-1ubuntu0.11) ...
#7 194.2 Setting up libcc1-0:amd64 (12.3.0-1ubuntu1~22.04.2) ...
#7 194.2 Setting up libzvbi-common (0.2.35-19) ...
#7 194.3 Setting up liblsan0:amd64 (12.3.0-1ubuntu1~22.04.2) ...
#7 194.3 Setting up libmp3lame0:amd64 (3.100-3build2) ...
#7 194.3 Setting up libblas-dev:amd64 (3.10.0-2ubuntu1) ...
#7 194.3 update-alternatives: using /usr/lib/x86_64-linux-gnu/blas/libblas.so to provide /usr/lib/x86_64-linux-gnu/libblas.so (libblas.so-x86_64-linux-gnu) in auto mode
#7 194.3 Setting up libsz2:amd64 (1.0.6-1) ...
#7 194.3 Setting up libitm1:amd64 (12.3.0-1ubuntu1~22.04.2) ...
#7 194.3 Setting up libmysqlclient-dev (8.0.44-0ubuntu0.22.04.2) ...
#7 194.3 Setting up libvorbisenc2:amd64 (1.3.7-1build2) ...
#7 194.3 Setting up libkmlxsd1:amd64 (1.3.0-9) ...
#7 194.3 Setting up libodbccr2:amd64 (2.3.9-5ubuntu0.1) ...
#7 194.4 Setting up libiec61883-0:amd64 (1.2.0-4build3) ...
#7 194.4 Setting up libserd-0-0:amd64 (0.30.10-2) ...
#7 194.4 Setting up libxkbcommon0:amd64 (1.4.0-1) ...
#7 194.4 Setting up libkmldom1:amd64 (1.3.0-9) ...
#7 194.4 Setting up libwayland-client0:amd64 (1.20.0-1ubuntu0.1) ...
#7 194.4 Setting up libjpeg8:amd64 (8c-2ubuntu10) ...
#7 194.4 Setting up default-libmysqlclient-dev:amd64 (1.0.8) ...
#7 194.4 Setting up libavc1394-0:amd64 (0.5.4-5build2) ...
#7 194.4 Setting up libzvbi0:amd64 (0.2.35-19) ...
#7 194.4 Setting up librttopo-dev:amd64 (1.1.0-2) ...
#7 194.4 Setting up libice6:amd64 (2:1.0.10-1build2) ...
#7 194.4 Setting up libcharls-dev:amd64 (2.3.4-1) ...
#7 194.5 Setting up libodbcinst2:amd64 (2.3.9-5ubuntu0.1) ...
#7 194.5 Setting up libjpeg-turbo8-dev:amd64 (2.1.2-0ubuntu1) ...
#7 194.5 Setting up libxdmcp6:amd64 (1:1.1.3-0ubuntu5) ...
#7 194.5 Setting up liblapack3:amd64 (3.10.0-2ubuntu1) ...
#7 194.6 update-alternatives: using /usr/lib/x86_64-linux-gnu/lapack/liblapack.so.3 to provide /usr/lib/x86_64-linux-gnu/liblapack.so.3 (liblapack.so.3-x86_64-linux-gnu) in auto mode
#7 194.6 Setting up libxcb1:amd64 (1.14-3ubuntu3) ...
#7 194.6 Setting up libcfitsio-dev:amd64 (4.0.0-1) ...
#7 194.6 Setting up libxcb-xfixes0:amd64 (1.14-3ubuntu3) ...
#7 194.6 Setting up libzmq5:amd64 (4.3.4-2) ...
#7 194.6 Setting up libkmlengine1:amd64 (1.3.0-9) ...
#7 194.6 Setting up libcaca0:amd64 (0.99.beta19-2.2ubuntu4.1) ...
#7 194.6 Setting up libpcre2-dev:amd64 (10.39-3ubuntu0.1) ...
#7 194.6 Setting up libkmlconvenience1:amd64 (1.3.0-9) ...
#7 194.6 Setting up libtool (2.4.6-15build2) ...
#7 194.6 Setting up libblosc-dev (1.21.1+ds2-2) ...
#7 194.6 Setting up libarchive13:amd64 (3.6.0-1ubuntu1.5) ...
#7 194.6 Setting up libxcb-render0:amd64 (1.14-3ubuntu3) ...
#7 194.6 Setting up libsoxr0:amd64 (0.1.3-4build2) ...
#7 194.6 Setting up libcdio-cdda2:amd64 (10.2+2.0.0-1build3) ...
#7 194.6 Setting up fontconfig-config (2.13.1-4.2ubuntu5) ...
#7 194.8 Setting up libfreexl-dev:amd64 (1.0.6-1) ...
#7 194.8 Setting up libcdio-paranoia2:amd64 (10.2+2.0.0-1build3) ...
#7 194.8 Setting up libfyba-dev:amd64 (4.1.1-7) ...
#7 194.8 Setting up libxcb-glx0:amd64 (1.14-3ubuntu3) ...
#7 194.8 Setting up libwebpdemux2:amd64 (1.2.2-2ubuntu0.22.04.2) ...
#7 194.8 Setting up libedit2:amd64 (3.1-20210910-1build1) ...
#7 194.8 Setting up libpng-dev:amd64 (1.6.37-3ubuntu0.3) ...
#7 194.9 Setting up libmemcachedutil2:amd64 (1.0.18-4.2ubuntu4) ...
#7 194.9 Setting up libaec-dev:amd64 (1.0.6-1) ...
#7 194.9 Setting up libarpack2:amd64 (3.8.0-1) ...
#7 194.9 Setting up libxcb-shape0:amd64 (1.14-3ubuntu3) ...
#7 194.9 Setting up libhashkit-dev:amd64 (1.0.18-4.2ubuntu4) ...
#7 194.9 Setting up libjbig-dev:amd64 (2.1-3.1ubuntu0.22.04.1) ...
#7 194.9 Setting up libsuperlu5:amd64 (5.3.0+dfsg1-2) ...
#7 194.9 Setting up m4 (1.4.18-5ubuntu2) ...
#7 194.9 Setting up libpq-dev (14.20-0ubuntu0.22.04.1) ...
#7 194.9 Setting up libnss3:amd64 (2:3.98-0ubuntu0.22.04.2) ...
#7 194.9 Setting up libxcb-shm0:amd64 (1.14-3ubuntu3) ...
#7 194.9 Setting up memcached (1.6.14-1ubuntu0.1) ...
#7 195.9 invoke-rc.d: could not determine current runlevel
#7 196.0 invoke-rc.d: policy-rc.d denied execution of start.
#7 197.0 Created symlink /etc/systemd/system/multi-user.target.wants/memcached.service → /lib/systemd/system/memcached.service.
#7 197.0 Setting up libgsf-1-114:amd64 (1.14.47-1ubuntu0.1) ...
#7 197.0 Setting up liburiparser-dev (0.9.6+dfsg-1) ...
#7 197.0 Setting up libxcb-present0:amd64 (1.14-3ubuntu3) ...
#7 197.0 Setting up libthai0:amd64 (0.1.29-1build1) ...
#7 197.0 Setting up libvorbisfile3:amd64 (1.3.7-1build2) ...
#7 197.0 Setting up libxml2-dev:amd64 (2.9.13+dfsg-1ubuntu0.11) ...
#7 197.0 Setting up libwebp-dev:amd64 (1.2.2-2ubuntu0.22.04.2) ...
#7 197.0 Setting up libfreetype6:amd64 (2.11.1+dfsg-1ubuntu0.3) ...
#7 197.0 Setting up libde265-dev:amd64 (1.0.8-1ubuntu0.3) ...
#7 197.0 Setting up libopenjp2-7-dev:amd64 (2.4.0-6ubuntu0.4) ...
#7 197.0 Setting up libcurl4-openssl-dev:amd64 (7.81.0-1ubuntu1.21) ...
#7 197.1 Setting up libxcb-sync1:amd64 (1.14-3ubuntu3) ...
#7 197.1 Setting up libxerces-c-dev:amd64 (3.2.3+debian-3ubuntu0.1) ...
#7 197.1 Setting up libkmlregionator1:amd64 (1.3.0-9) ...
#7 197.1 Setting up libgeos-dev (3.10.2-1) ...
#7 197.1 Setting up libdav1d-dev:amd64 (0.9.2-1) ...
#7 197.1 Setting up shared-mime-info (2.1-2) ...
#7 199.7 Setting up libdc1394-25:amd64 (2.2.6-4) ...
#7 199.7 Setting up liblapack-dev:amd64 (3.10.0-2ubuntu1) ...
#7 199.8 update-alternatives: using /usr/lib/x86_64-linux-gnu/lapack/liblapack.so to provide /usr/lib/x86_64-linux-gnu/liblapack.so (liblapack.so-x86_64-linux-gnu) in auto mode
#7 199.8 Setting up git (1:2.34.1-1ubuntu1.15) ...
#7 199.9 Setting up python3-numpy (1:1.21.5-1ubuntu22.04.1) ...
#7 208.6 Setting up autoconf (2.71-2) ...
#7 208.7 Setting up libhdf4-0-alt (4.2.15-4) ...
#7 208.7 Setting up libx265-199:amd64 (3.5-2) ...
#7 208.7 Setting up librubberband2:amd64 (2.0.0-2) ...
#7 208.7 Setting up libsndio7.0:amd64 (1.8.1-1.1) ...
#7 208.7 Setting up libxcb-dri2-0:amd64 (1.14-3ubuntu3) ...
#7 208.7 Setting up libjack-jackd2-0:amd64 (1.9.20~dfsg-1) ...
#7 208.7 Setting up libdrm2:amd64 (2.4.113-2~ubuntu0.22.04.1) ...
#7 208.7 Setting up libhdf5-103-1:amd64 (1.10.7+repack-4ubuntu2) ...
#7 208.7 Setting up libflite1:amd64 (2.2-3) ...
#7 208.7 Setting up libva-drm2:amd64 (2.14.0-1) ...
#7 208.7 Setting up libsord-0-0:amd64 (0.16.8-2) ...
#7 208.7 Setting up libwayland-cursor0:amd64 (1.20.0-1ubuntu0.1) ...
#7 208.7 Setting up libxcb-randr0:amd64 (1.14-3ubuntu3) ...
#7 208.7 Setting up libsratom-0-0:amd64 (0.6.8-1) ...
#7 208.7 Setting up libllvm15:amd64 (1:15.0.7-0ubuntu0.22.04.3) ...
#7 208.7 Setting up libxslt1.1:amd64 (1.1.34-4ubuntu0.22.04.5) ...
#7 208.7 Setting up libhdf5-cpp-103-1:amd64 (1.10.7+repack-4ubuntu2) ...
#7 208.7 Setting up libdecor-0-0:amd64 (0.1.0-3build1) ...
#7 208.8 Setting up cmake (3.22.1-1ubuntu1.22.04.2) ...
#7 208.8 Setting up libx11-6:amd64 (2:1.7.5-1ubuntu0.3) ...
#7 208.8 Setting up libharfbuzz0b:amd64 (2.7.4-1ubuntu3.2) ...
#7 208.8 Setting up libtiff5:amd64 (4.3.0-6ubuntu0.12) ...
#7 208.8 Setting up libfontconfig1:amd64 (2.13.1-4.2ubuntu5) ...
#7 208.8 Setting up libsndfile1:amd64 (1.0.31-2ubuntu0.2) ...
#7 208.8 Setting up libjpeg8-dev:amd64 (8c-2ubuntu10) ...
#7 208.8 Setting up libbluray2:amd64 (1:1.3.1-1) ...
#7 208.8 Setting up libsuperlu-dev:amd64 (5.3.0+dfsg1-2) ...
#7 208.8 Setting up libsm6:amd64 (2:1.2.3-1build2) ...
#7 208.8 Setting up liblilv-0-0:amd64 (0.24.12-2) ...
#7 208.8 Setting up libopenmpt0:amd64 (0.6.1-1) ...
#7 208.8 Setting up unixodbc-dev:amd64 (2.3.9-5ubuntu0.1) ...
#7 208.8 Setting up libtiffxx5:amd64 (4.3.0-6ubuntu0.12) ...
#7 208.8 Setting up libdrm-amdgpu1:amd64 (2.4.113-2~ubuntu0.22.04.1) ...
#7 208.8 Setting up libhdf5-hl-100:amd64 (1.10.7+repack-4ubuntu2) ...
#7 208.8 Setting up automake (1:1.16.5-1.3) ...
#7 208.9 update-alternatives: using /usr/bin/automake-1.16 to provide /usr/bin/automake (automake) in auto mode
#7 208.9 update-alternatives: warning: skip creation of /usr/share/man/man1/automake.1.gz because associated file /usr/share/man/man1/automake-1.16.1.gz (of link group automake) doesn't exist
#7 208.9 update-alternatives: warning: skip creation of /usr/share/man/man1/aclocal.1.gz because associated file /usr/share/man/man1/aclocal-1.16.1.gz (of link group automake) doesn't exist
#7 208.9 Setting up libkml-dev:amd64 (1.3.0-9) ...
#7 208.9 Setting up libxcb-dri3-0:amd64 (1.14-3ubuntu3) ...
#7 208.9 Setting up libx11-xcb1:amd64 (2:1.7.5-1ubuntu0.3) ...
#7 208.9 Setting up fontconfig (2.13.1-4.2ubuntu5) ...
#7 209.0 Regenerating fonts cache... done.
#7 211.1 Setting up libarmadillo10 (1:10.8.2+dfsg-1) ...
#7 211.1 Setting up libdrm-nouveau2:amd64 (2.4.113-2~ubuntu0.22.04.1) ...
#7 211.1 Setting up libarpack2-dev:amd64 (3.8.0-1) ...
#7 211.1 Setting up libxrender1:amd64 (1:0.9.10-1build4) ...
#7 211.1 Setting up libgbm1:amd64 (23.2.1-1ubuntu3.1~22.04.3) ...
#7 211.1 Setting up libpulse0:amd64 (1:15.99.1+dfsg1-1ubuntu2.2) ...
#7 211.2 Setting up libmemcached-dev:amd64 (1.0.18-4.2ubuntu4) ...
#7 211.2 Setting up libdrm-radeon1:amd64 (2.4.113-2~ubuntu0.22.04.1) ...
#7 211.2 Setting up libpango-1.0-0:amd64 (1.50.6+ds-2ubuntu1) ...
#7 211.3 Setting up libdrm-intel1:amd64 (2.4.113-2~ubuntu0.22.04.1) ...
#7 211.3 Setting up libgl1-mesa-dri:amd64 (23.2.1-1ubuntu3.1~22.04.3) ...
#7 211.4 Setting up libheif1:amd64 (1.12.0-2build1) ...
#7 211.4 Setting up libjpeg-dev:amd64 (8c-2ubuntu10) ...
#7 211.4 Setting up libxext6:amd64 (2:1.3.4-1build1) ...
#7 211.4 Setting up libopenal1:amd64 (1:1.19.1-2build3) ...
#7 211.4 Setting up libproj22:amd64 (8.2.1-1) ...
#7 211.4 Setting up libcairo2:amd64 (1.16.0-5ubuntu2) ...
#7 211.4 Setting up libgeotiff5:amd64 (1.7.0-2build1) ...
#7 211.4 Setting up libxxf86vm1:amd64 (1:1.1.4-1build3) ...
#7 211.4 Setting up libpoppler118:amd64 (22.02.0-2ubuntu0.12) ...
#7 211.4 Setting up libltdl-dev:amd64 (2.4.6-15build2) ...
#7 211.4 Setting up libmagickcore-6.q16-6:amd64 (8:6.9.11.60+dfsg-1.3ubuntu0.22.04.5) ...
#7 211.4 Setting up libegl-mesa0:amd64 (23.2.1-1ubuntu3.1~22.04.3) ...
#7 211.5 Setting up libhdf5-hl-cpp-100:amd64 (1.10.7+repack-4ubuntu2) ...
#7 211.5 Setting up libass9:amd64 (1:0.15.2-1) ...
#7 211.5 Setting up libtiff-dev:amd64 (4.3.0-6ubuntu0.12) ...
#7 211.5 Setting up libxfixes3:amd64 (1:6.0.0-1) ...
#7 211.5 Setting up libx265-dev:amd64 (3.5-2) ...
#7 211.5 Setting up libxinerama1:amd64 (2:1.1.4-3) ...
#7 211.5 Setting up libxv1:amd64 (2:1.0.11-1build2) ...
#7 211.5 Setting up libproj-dev:amd64 (8.2.1-1) ...
#7 211.5 Setting up libxrandr2:amd64 (2:1.5.2-1build1) ...
#7 211.5 Setting up libhdf5-fortran-102:amd64 (1.10.7+repack-4ubuntu2) ...
#7 211.5 Setting up libmatio11:amd64 (1.5.21-1) ...
#7 211.5 Setting up libnetcdf19:amd64 (1:4.8.1-1) ...
#7 211.5 Setting up libvdpau1:amd64 (1.4-3build2) ...
#7 211.5 Setting up libtheora0:amd64 (1.1.1+dfsg.1-15ubuntu4) ...
#7 211.6 Setting up libegl1:amd64 (1.4.0-1) ...
#7 211.6 Setting up libhdf5-hl-fortran-100:amd64 (1.10.7+repack-4ubuntu2) ...
#7 211.6 Setting up libgdk-pixbuf-2.0-0:amd64 (2.42.8+dfsg-1ubuntu0.4) ...
#7 211.7 Setting up libcairo-gobject2:amd64 (1.16.0-5ubuntu2) ...
#7 211.7 Setting up libxss1:amd64 (1:1.2.3-1build2) ...
#7 211.7 Setting up libpangoft2-1.0-0:amd64 (1.50.6+ds-2ubuntu1) ...
#7 211.7 Setting up libopenslide0 (3.4.1+dfsg-5build1) ...
#7 211.7 Setting up libva-x11-2:amd64 (2.14.0-1) ...
#7 211.7 Setting up libpangocairo-1.0-0:amd64 (1.50.6+ds-2ubuntu1) ...
#7 211.7 Setting up libpoppler-dev:amd64 (22.02.0-2ubuntu0.12) ...
#7 211.7 Setting up libspatialite7:amd64 (5.0.1-2build2) ...
#7 211.8 Setting up libglx-mesa0:amd64 (23.2.1-1ubuntu3.1~22.04.3) ...
#7 211.8 Setting up libpoppler-glib8:amd64 (22.02.0-2ubuntu0.12) ...
#7 211.8 Setting up libxi6:amd64 (2:1.8-1build1) ...
#7 211.8 Setting up libglx0:amd64 (1.4.0-1) ...
#7 211.8 Setting up libsphinxbase3:amd64 (0.8+5prealpha+1-13build1) ...
#7 211.8 Setting up libgeotiff-dev:amd64 (1.7.0-2build1) ...
#7 211.8 Setting up libxcursor1:amd64 (1:1.2.0-2build4) ...
#7 211.8 Setting up libpoppler-private-dev:amd64 (22.02.0-2ubuntu0.12) ...
#7 211.8 Setting up libheif-dev:amd64 (1.12.0-2build1) ...
#7 211.8 Setting up libavutil56:amd64 (7:4.4.2-0ubuntu0.22.04.1) ...
#7 211.8 Setting up librsvg2-2:amd64 (2.52.5+dfsg-3ubuntu0.2) ...
#7 211.8 Setting up libpocketsphinx3:amd64 (0.8.0+real5prealpha+1-14ubuntu1) ...
#7 211.8 Setting up libgl1:amd64 (1.4.0-1) ...
#7 211.8 Setting up openslide-tools (3.4.1+dfsg-5build1) ...
#7 211.8 Setting up libgdal30 (3.4.1+dfsg-1build4) ...
#7 211.8 Setting up libhdf5-dev (1.10.7+repack-4ubuntu2) ...
#7 211.9 update-alternatives: using /usr/lib/x86_64-linux-gnu/pkgconfig/hdf5-serial.pc to provide /usr/lib/x86_64-linux-gnu/pkgconfig/hdf5.pc (hdf5.pc) in auto mode
#7 211.9 Setting up libpostproc55:amd64 (7:4.4.2-0ubuntu0.22.04.1) ...
#7 211.9 Setting up libnetcdf-dev (1:4.8.1-1) ...
#7 211.9 Setting up libspatialite-dev:amd64 (5.0.1-2build2) ...
#7 211.9 Setting up libswscale5:amd64 (7:4.4.2-0ubuntu0.22.04.1) ...
#7 211.9 Setting up libsdl2-2.0-0:amd64 (2.0.20+dfsg-2ubuntu1.22.04.1) ...
#7 212.0 Setting up libvips42:amd64 (8.12.1-1build1) ...
#7 212.0 Setting up python3-gdal (3.4.1+dfsg-1build4) ...
#7 214.3 Setting up libswresample3:amd64 (7:4.4.2-0ubuntu0.22.04.1) ...
#7 214.3 Setting up libarmadillo-dev (1:10.8.2+dfsg-1) ...
#7 214.3 Setting up gdal-bin (3.4.1+dfsg-1build4) ...
#7 215.0 Setting up libhdf4-alt-dev (4.2.15-4) ...
#7 215.0 Setting up libgdal-dev (3.4.1+dfsg-1build4) ...
#7 215.0 Setting up libavcodec58:amd64 (7:4.4.2-0ubuntu0.22.04.1) ...
#7 215.0 Setting up libchromaprint1:amd64 (1.5.1-2) ...
#7 215.0 Setting up libavformat58:amd64 (7:4.4.2-0ubuntu0.22.04.1) ...
#7 215.0 Setting up libavfilter7:amd64 (7:4.4.2-0ubuntu0.22.04.1) ...
#7 215.1 Setting up libavdevice58:amd64 (7:4.4.2-0ubuntu0.22.04.1) ...
#7 215.1 Setting up ffmpeg (7:4.4.2-0ubuntu0.22.04.1) ...
#7 215.1 Processing triggers for libc-bin (2.35-0ubuntu3.4) ...
#7 215.6 Processing triggers for ca-certificates (20240203~22.04.1) ...
#7 215.7 Updating certificates in /etc/ssl/certs...
#7 226.1 0 added, 0 removed; done.
#7 226.1 Running hooks in /etc/ca-certificates/update.d...
#7 226.1 done.
#7 DONE 227.0s

#8 [ 4/21] RUN which python && python --version && pip --version
#8 0.317 /usr/bin/python
#8 0.352 Python 3.11.0rc1
#8 2.058 pip 23.3.1 from /usr/local/lib/python3.11/dist-packages/pip (python 3.11)
#8 DONE 2.6s

#9 [ 5/21] RUN mkdir -p /HistomicsTK
#9 DONE 0.1s

#10 [ 6/21] COPY . /HistomicsTK
#10 DONE 0.6s

#11 [ 7/21] WORKDIR /HistomicsTK
#11 DONE 0.0s

#12 [ 8/21] RUN pip install --no-cache-dir --upgrade pip setuptools wheel
#12 2.351 Requirement already satisfied: pip in /usr/local/lib/python3.11/dist-packages (23.3.1)
#12 3.349 Collecting pip
#12 3.868   Downloading pip-26.0-py3-none-any.whl.metadata (4.7 kB)
#12 3.877 Requirement already satisfied: setuptools in /usr/local/lib/python3.11/dist-packages (69.0.1)
#12 5.248 Collecting setuptools
#12 5.311   Downloading setuptools-80.10.2-py3-none-any.whl.metadata (6.6 kB)
#12 5.324 Requirement already satisfied: wheel in /usr/local/lib/python3.11/dist-packages (0.41.3)
#12 5.557 Collecting wheel
#12 5.617   Downloading wheel-0.46.3-py3-none-any.whl.metadata (2.4 kB)
#12 6.092 Collecting packaging>=24.0 (from wheel)
#12 6.149   Downloading packaging-26.0-py3-none-any.whl.metadata (3.3 kB)
#12 6.217 Downloading pip-26.0-py3-none-any.whl (1.8 MB)
#12 6.473    ━━━━━━━━━━━━━━━━━━━━━━━━━━━━━━━━━━━━━━━━ 1.8/1.8 MB 7.6 MB/s eta 0:00:00
#12 6.527 Downloading setuptools-80.10.2-py3-none-any.whl (1.1 MB)
#12 6.577    ━━━━━━━━━━━━━━━━━━━━━━━━━━━━━━━━━━━━━━━━ 1.1/1.1 MB 26.9 MB/s eta 0:00:00
#12 6.633 Downloading wheel-0.46.3-py3-none-any.whl (30 kB)
#12 6.688 Downloading packaging-26.0-py3-none-any.whl (74 kB)
#12 6.703    ━━━━━━━━━━━━━━━━━━━━━━━━━━━━━━━━━━━━━━━━ 74.4/74.4 kB 21.4 MB/s eta 0:00:00
#12 8.023 Installing collected packages: setuptools, pip, packaging, wheel
#12 8.024   Attempting uninstall: setuptools
#12 8.028     Found existing installation: setuptools 69.0.1
#12 8.155     Uninstalling setuptools-69.0.1:
#12 9.541       Successfully uninstalled setuptools-69.0.1
#12 12.78   Attempting uninstall: pip
#12 12.78     Found existing installation: pip 23.3.1
#12 13.01     Uninstalling pip-23.3.1:
#12 13.67       Successfully uninstalled pip-23.3.1
#12 18.09   Attempting uninstall: packaging
#12 18.10     Found existing installation: packaging 23.2
#12 18.13     Uninstalling packaging-23.2:
#12 18.17       Successfully uninstalled packaging-23.2
#12 18.42   Attempting uninstall: wheel
#12 18.43     Found existing installation: wheel 0.41.3
#12 18.45     Uninstalling wheel-0.41.3:
#12 18.51       Successfully uninstalled wheel-0.41.3
#12 18.64 Successfully installed packaging-26.0 pip-26.0 setuptools-80.10.2 wheel-0.46.3
#12 18.64 WARNING: Running pip as the 'root' user can result in broken permissions and conflicting behaviour with the system package manager. It is recommended to use a virtual environment instead: https://pip.pypa.io/warnings/venv
#12 DONE 19.8s

#13 [ 9/21] RUN pip install --no-cache-dir     tensorflow-addons     tf-keras==2.15.*     tf-slim>=1.1.0     pillow-lut     six
#13 15.65 WARNING: Running pip as the 'root' user can result in broken permissions and conflicting behaviour with the system package manager, possibly rendering your system unusable. It is recommended to use a virtual environment instead: https://pip.pypa.io/warnings/venv. Use the --root-user-action option if you know what you are doing and want to suppress this warning.
#13 DONE 16.9s

#14 [10/21] RUN pip install --no-cache-dir     'large-image[memcached]'     large-image-source-tiff     large-image-source-pil     girder-slicer-cli-web     girder-client     ctk-cli     sqlalchemy     nimfa     'opencv-python-headless<4.7'     pyvips     openpyxl     'xlrd<2'     termcolor     'dask[dataframe]'     distributed
#14 4.422 Collecting large-image-source-tiff
#14 4.867   Downloading large_image_source_tiff-1.34.0-py3-none-any.whl.metadata (1.3 kB)
#14 6.107 Collecting large-image-source-pil
#14 6.197   Downloading large_image_source_pil-1.34.0-py3-none-any.whl.metadata (1.6 kB)
#14 6.446 Collecting girder-slicer-cli-web
#14 6.497   Downloading girder_slicer_cli_web-1.5.14-py2.py3-none-any.whl.metadata (17 kB)
#14 6.851 Collecting girder-client
#14 6.914   Downloading girder_client-3.2.11.tar.gz (21 kB)
#14 6.965   Installing build dependencies: started
#14 13.00   Installing build dependencies: finished with status 'done'
#14 13.01   Getting requirements to build wheel: started
#14 14.64   Getting requirements to build wheel: finished with status 'done'
#14 14.66   Preparing metadata (pyproject.toml): started
#14 16.07   Preparing metadata (pyproject.toml): finished with status 'done'
#14 16.31 Collecting ctk-cli
#14 16.38   Downloading ctk_cli-1.5-py3-none-any.whl.metadata (656 bytes)
#14 18.12 Collecting sqlalchemy
#14 18.18   Downloading sqlalchemy-2.0.46-cp311-cp311-manylinux2014_x86_64.manylinux_2_17_x86_64.manylinux_2_28_x86_64.whl.metadata (9.5 kB)
#14 18.33 Collecting nimfa
#14 18.39   Downloading nimfa-1.4.0-py2.py3-none-any.whl.metadata (3.8 kB)
#14 18.76 Collecting opencv-python-headless<4.7
#14 18.82   Downloading opencv_python_headless-4.6.0.66-cp36-abi3-manylinux_2_17_x86_64.manylinux2014_x86_64.whl.metadata (18 kB)
#14 18.94 Collecting pyvips
#14 19.00   Downloading pyvips-3.1.1.tar.gz (56 kB)
#14 19.12   Installing build dependencies: started
#14 25.56   Installing build dependencies: finished with status 'done'
#14 25.57   Getting requirements to build wheel: started
#14 28.15   Getting requirements to build wheel: finished with status 'done'
#14 28.16   Preparing metadata (pyproject.toml): started
#14 29.19   Preparing metadata (pyproject.toml): finished with status 'done'
#14 29.36 Collecting openpyxl
#14 29.42   Downloading openpyxl-3.1.5-py2.py3-none-any.whl.metadata (2.5 kB)
#14 29.51 Collecting xlrd<2
#14 29.56   Downloading xlrd-1.2.0-py2.py3-none-any.whl.metadata (1.3 kB)
#14 29.57 Requirement already satisfied: termcolor in /usr/local/lib/python3.11/dist-packages (2.3.0)
#14 29.93 Collecting distributed
#14 30.01   Downloading distributed-2026.1.2-py3-none-any.whl.metadata (3.4 kB)
#14 31.59 Collecting large-image[memcached]
#14 31.66   Downloading large_image-1.34.0-py3-none-any.whl.metadata (16 kB)
#14 32.14 Collecting dask[dataframe]
#14 32.22   Downloading dask-2026.1.2-py3-none-any.whl.metadata (3.8 kB)
#14 32.26 Requirement already satisfied: numpy>=1.21.2 in /usr/local/lib/python3.11/dist-packages (from opencv-python-headless<4.7) (1.26.2)
#14 32.27 Requirement already satisfied: cachetools in /usr/local/lib/python3.11/dist-packages (from large-image[memcached]) (5.3.2)
#14 32.38 Collecting palettable (from large-image[memcached])
#14 32.51   Downloading palettable-3.3.3-py2.py3-none-any.whl.metadata (3.3 kB)
#14 32.52 Requirement already satisfied: Pillow>=10.3 in /usr/local/lib/python3.11/dist-packages (from large-image[memcached]) (12.1.0)
#14 32.52 Requirement already satisfied: typing-extensions in /usr/local/lib/python3.11/dist-packages (from large-image[memcached]) (4.8.0)
#14 32.72 Collecting pylibmc>=1.5.1 (from large-image[memcached])
#14 32.79   Downloading pylibmc-1.6.3-cp311-cp311-manylinux_2_17_x86_64.manylinux2014_x86_64.whl.metadata (4.0 kB)
#14 32.94 Collecting pylibtiff (from large-image-source-tiff)
#14 33.02   Downloading pylibtiff-0.7.0.tar.gz (99 kB)
#14 33.22   Installing build dependencies: started
#14 44.90   Installing build dependencies: finished with status 'done'
#14 44.91   Getting requirements to build wheel: started
#14 48.36   Getting requirements to build wheel: finished with status 'done'
#14 48.37   Preparing metadata (pyproject.toml): started
#14 49.93   Preparing metadata (pyproject.toml): finished with status 'done'
#14 50.15 Collecting tifftools>=1.7.0 (from large-image-source-tiff)
#14 50.21   Downloading tifftools-1.7.0-py3-none-any.whl.metadata (11 kB)
#14 50.34 Collecting jinja2 (from girder-slicer-cli-web)
#14 50.39   Downloading jinja2-3.1.6-py3-none-any.whl.metadata (2.9 kB)
#14 50.57 Collecting jsonschema (from girder-slicer-cli-web)
#14 50.63   Downloading jsonschema-4.26.0-py3-none-any.whl.metadata (7.6 kB)
#14 50.89 Collecting pyyaml (from girder-slicer-cli-web)
#14 50.95   Downloading pyyaml-6.0.3-cp311-cp311-manylinux2014_x86_64.manylinux_2_17_x86_64.manylinux_2_28_x86_64.whl.metadata (2.4 kB)
#14 51.07 Collecting click>=6.7 (from girder-client)
#14 51.13   Downloading click-8.3.1-py3-none-any.whl.metadata (2.6 kB)
#14 51.28 Collecting diskcache (from girder-client)
#14 51.33   Downloading diskcache-5.6.3-py3-none-any.whl.metadata (20 kB)
#14 51.36 Requirement already satisfied: requests>=2.4.2 in /usr/local/lib/python3.11/dist-packages (from girder-client) (2.31.0)
#14 51.45 Collecting requests_toolbelt (from girder-client)
#14 51.50   Downloading requests_toolbelt-1.0.0-py2.py3-none-any.whl.metadata (14 kB)
#14 52.28 Collecting greenlet>=1 (from sqlalchemy)
#14 52.41   Downloading greenlet-3.3.1-cp311-cp311-manylinux_2_24_x86_64.manylinux_2_28_x86_64.whl.metadata (3.7 kB)
#14 53.38 Collecting scipy>=0.12.0 (from nimfa)
#14 53.44   Downloading scipy-1.17.0-cp311-cp311-manylinux_2_27_x86_64.manylinux_2_28_x86_64.whl.metadata (62 kB)
#14 54.17 Collecting cffi>=1.0.0 (from pyvips)
#14 54.23   Downloading cffi-2.0.0-cp311-cp311-manylinux2014_x86_64.manylinux_2_17_x86_64.whl.metadata (2.6 kB)
#14 54.30 Collecting et-xmlfile (from openpyxl)
#14 54.36   Downloading et_xmlfile-2.0.0-py3-none-any.whl.metadata (2.7 kB)
#14 54.49 Collecting cloudpickle>=3.0.0 (from dask[dataframe])
#14 54.55   Downloading cloudpickle-3.1.2-py3-none-any.whl.metadata (7.1 kB)
#14 54.73 Collecting fsspec>=2021.09.0 (from dask[dataframe])
#14 54.79   Downloading fsspec-2026.1.0-py3-none-any.whl.metadata (10 kB)
#14 54.94 Requirement already satisfied: packaging>=20.0 in /usr/local/lib/python3.11/dist-packages (from dask[dataframe]) (26.0)
#14 55.01 Collecting partd>=1.4.0 (from dask[dataframe])
#14 55.07   Downloading partd-1.4.2-py3-none-any.whl.metadata (4.6 kB)
#14 55.17 Collecting toolz>=0.12.0 (from dask[dataframe])
#14 55.22   Downloading toolz-1.1.0-py3-none-any.whl.metadata (5.1 kB)
#14 55.41 Collecting importlib_metadata>=4.13.0 (from dask[dataframe])
#14 55.47   Downloading importlib_metadata-8.7.1-py3-none-any.whl.metadata (4.7 kB)
#14 56.20 Collecting pandas>=2.0 (from dask[dataframe])
#14 56.29   Downloading pandas-3.0.0-cp311-cp311-manylinux_2_24_x86_64.manylinux_2_28_x86_64.whl.metadata (79 kB)
#14 57.04 Collecting pyarrow>=16.0 (from dask[dataframe])
#14 57.10   Downloading pyarrow-23.0.0-cp311-cp311-manylinux_2_28_x86_64.whl.metadata (3.0 kB)
#14 57.21 Collecting locket>=1.0.0 (from distributed)
#14 57.27   Downloading locket-1.0.0-py2.py3-none-any.whl.metadata (2.8 kB)
#14 57.81 Collecting msgpack>=1.0.2 (from distributed)
#14 57.86   Downloading msgpack-1.1.2-cp311-cp311-manylinux2014_x86_64.manylinux_2_17_x86_64.manylinux_2_28_x86_64.whl.metadata (8.1 kB)
#14 58.32 Collecting psutil>=5.8.0 (from distributed)
#14 58.38   Downloading psutil-7.2.2-cp36-abi3-manylinux2010_x86_64.manylinux_2_12_x86_64.manylinux_2_28_x86_64.whl.metadata (22 kB)
#14 58.51 Collecting sortedcontainers>=2.0.5 (from distributed)
#14 58.57   Downloading sortedcontainers-2.4.0-py2.py3-none-any.whl.metadata (10 kB)
#14 58.69 Collecting tblib!=3.2.0,!=3.2.1,>=1.6.0 (from distributed)
#14 58.74   Downloading tblib-3.2.2-py3-none-any.whl.metadata (27 kB)
#14 59.02 Collecting tornado>=6.2.0 (from distributed)
#14 59.07   Downloading tornado-6.5.4-cp39-abi3-manylinux_2_5_x86_64.manylinux1_x86_64.manylinux_2_17_x86_64.manylinux2014_x86_64.whl.metadata (2.8 kB)
#14 59.08 Requirement already satisfied: urllib3>=1.26.5 in /usr/local/lib/python3.11/dist-packages (from distributed) (2.1.0)
#14 59.18 Collecting zict>=3.0.0 (from distributed)
#14 59.24   Downloading zict-3.0.0-py2.py3-none-any.whl.metadata (899 bytes)
#14 59.33 Collecting pycparser (from cffi>=1.0.0->pyvips)
#14 59.38   Downloading pycparser-3.0-py3-none-any.whl.metadata (8.2 kB)
#14 59.51 Collecting zipp>=3.20 (from importlib_metadata>=4.13.0->dask[dataframe])
#14 59.56   Downloading zipp-3.23.0-py3-none-any.whl.metadata (3.6 kB)
#14 59.59 Requirement already satisfied: MarkupSafe>=2.0 in /usr/local/lib/python3.11/dist-packages (from jinja2->girder-slicer-cli-web) (2.1.3)
#14 59.71 Collecting python-dateutil>=2.8.2 (from pandas>=2.0->dask[dataframe])
#14 59.76   Downloading python_dateutil-2.9.0.post0-py2.py3-none-any.whl.metadata (8.4 kB)
#14 59.81 Requirement already satisfied: six>=1.5 in /usr/lib/python3/dist-packages (from python-dateutil>=2.8.2->pandas>=2.0->dask[dataframe]) (1.16.0)
#14 59.83 Requirement already satisfied: charset-normalizer<4,>=2 in /usr/local/lib/python3.11/dist-packages (from requests>=2.4.2->girder-client) (3.3.2)
#14 59.83 Requirement already satisfied: idna<4,>=2.5 in /usr/local/lib/python3.11/dist-packages (from requests>=2.4.2->girder-client) (3.4)
#14 59.83 Requirement already satisfied: certifi>=2017.4.17 in /usr/local/lib/python3.11/dist-packages (from requests>=2.4.2->girder-client) (2023.11.17)
#14 61.10 Collecting numpy>=1.21.2 (from opencv-python-headless<4.7)
#14 61.16   Downloading numpy-2.4.1-cp311-cp311-manylinux_2_27_x86_64.manylinux_2_28_x86_64.whl.metadata (6.6 kB)
#14 61.36 Collecting attrs>=22.2.0 (from jsonschema->girder-slicer-cli-web)
#14 61.42   Downloading attrs-25.4.0-py3-none-any.whl.metadata (10 kB)
#14 61.52 Collecting jsonschema-specifications>=2023.03.6 (from jsonschema->girder-slicer-cli-web)
#14 61.57   Downloading jsonschema_specifications-2025.9.1-py3-none-any.whl.metadata (2.9 kB)
#14 61.72 Collecting referencing>=0.28.4 (from jsonschema->girder-slicer-cli-web)
#14 61.78   Downloading referencing-0.37.0-py3-none-any.whl.metadata (2.8 kB)
#14 63.68 Collecting rpds-py>=0.25.0 (from jsonschema->girder-slicer-cli-web)
#14 63.74   Downloading rpds_py-0.30.0-cp311-cp311-manylinux_2_17_x86_64.manylinux2014_x86_64.whl.metadata (4.1 kB)
#14 63.96 Downloading opencv_python_headless-4.6.0.66-cp36-abi3-manylinux_2_17_x86_64.manylinux2014_x86_64.whl (48.3 MB)
#14 68.31    ━━━━━━━━━━━━━━━━━━━━━━━━━━━━━━━━━━━━━━━━ 48.3/48.3 MB 11.9 MB/s  0:00:04
#14 68.37 Downloading xlrd-1.2.0-py2.py3-none-any.whl (103 kB)
#14 68.43 Downloading large_image-1.34.0-py3-none-any.whl (121 kB)
#14 68.50 Downloading large_image_source_tiff-1.34.0-py3-none-any.whl (25 kB)
#14 68.56 Downloading large_image_source_pil-1.34.0-py3-none-any.whl (11 kB)
#14 68.64 Downloading girder_slicer_cli_web-1.5.14-py2.py3-none-any.whl (99 kB)
#14 68.70 Downloading ctk_cli-1.5-py3-none-any.whl (10 kB)
#14 68.76 Downloading sqlalchemy-2.0.46-cp311-cp311-manylinux2014_x86_64.manylinux_2_17_x86_64.manylinux_2_28_x86_64.whl (3.3 MB)
#14 68.89    ━━━━━━━━━━━━━━━━━━━━━━━━━━━━━━━━━━━━━━━━ 3.3/3.3 MB 32.1 MB/s  0:00:00
#14 68.96 Downloading nimfa-1.4.0-py2.py3-none-any.whl (4.7 MB)
#14 69.09    ━━━━━━━━━━━━━━━━━━━━━━━━━━━━━━━━━━━━━━━━ 4.7/4.7 MB 41.3 MB/s  0:00:00
#14 69.15 Downloading openpyxl-3.1.5-py2.py3-none-any.whl (250 kB)
#14 69.22 Downloading dask-2026.1.2-py3-none-any.whl (1.5 MB)
#14 69.26    ━━━━━━━━━━━━━━━━━━━━━━━━━━━━━━━━━━━━━━━━ 1.5/1.5 MB 39.2 MB/s  0:00:00
#14 69.32 Downloading distributed-2026.1.2-py3-none-any.whl (1.0 MB)
#14 69.36    ━━━━━━━━━━━━━━━━━━━━━━━━━━━━━━━━━━━━━━━━ 1.0/1.0 MB 40.2 MB/s  0:00:00
#14 69.41 Downloading cffi-2.0.0-cp311-cp311-manylinux2014_x86_64.manylinux_2_17_x86_64.whl (215 kB)
#14 69.49 Downloading click-8.3.1-py3-none-any.whl (108 kB)
#14 69.55 Downloading cloudpickle-3.1.2-py3-none-any.whl (22 kB)
#14 69.61 Downloading fsspec-2026.1.0-py3-none-any.whl (201 kB)
#14 69.67 Downloading greenlet-3.3.1-cp311-cp311-manylinux_2_24_x86_64.manylinux_2_28_x86_64.whl (590 kB)
#14 69.70    ━━━━━━━━━━━━━━━━━━━━━━━━━━━━━━━━━━━━━━━━ 590.3/590.3 kB 36.5 MB/s  0:00:00
#14 69.76 Downloading importlib_metadata-8.7.1-py3-none-any.whl (27 kB)
#14 69.82 Downloading jinja2-3.1.6-py3-none-any.whl (134 kB)
#14 69.89 Downloading locket-1.0.0-py2.py3-none-any.whl (4.4 kB)
#14 69.96 Downloading msgpack-1.1.2-cp311-cp311-manylinux2014_x86_64.manylinux_2_17_x86_64.manylinux_2_28_x86_64.whl (426 kB)
#14 70.04 Downloading pandas-3.0.0-cp311-cp311-manylinux_2_24_x86_64.manylinux_2_28_x86_64.whl (11.2 MB)
#14 70.33    ━━━━━━━━━━━━━━━━━━━━━━━━━━━━━━━━━━━━━━━━ 11.2/11.2 MB 40.7 MB/s  0:00:00
#14 70.38 Downloading partd-1.4.2-py3-none-any.whl (18 kB)
#14 70.44 Downloading psutil-7.2.2-cp36-abi3-manylinux2010_x86_64.manylinux_2_12_x86_64.manylinux_2_28_x86_64.whl (155 kB)
#14 70.50 Downloading pyarrow-23.0.0-cp311-cp311-manylinux_2_28_x86_64.whl (47.5 MB)
#14 71.91    ━━━━━━━━━━━━━━━━━━━━━━━━━━━━━━━━━━━━━━━━ 47.5/47.5 MB 34.1 MB/s  0:00:01
#14 71.97 Downloading pylibmc-1.6.3-cp311-cp311-manylinux_2_17_x86_64.manylinux2014_x86_64.whl (1.2 MB)
#14 72.02    ━━━━━━━━━━━━━━━━━━━━━━━━━━━━━━━━━━━━━━━━ 1.2/1.2 MB 28.0 MB/s  0:00:00
#14 72.09 Downloading python_dateutil-2.9.0.post0-py2.py3-none-any.whl (229 kB)
#14 72.15 Downloading pyyaml-6.0.3-cp311-cp311-manylinux2014_x86_64.manylinux_2_17_x86_64.manylinux_2_28_x86_64.whl (806 kB)
#14 72.20    ━━━━━━━━━━━━━━━━━━━━━━━━━━━━━━━━━━━━━━━━ 806.6/806.6 kB 21.3 MB/s  0:00:00
#14 72.26 Downloading scipy-1.17.0-cp311-cp311-manylinux_2_27_x86_64.manylinux_2_28_x86_64.whl (35.1 MB)
#14 73.55    ━━━━━━━━━━━━━━━━━━━━━━━━━━━━━━━━━━━━━━━━ 35.1/35.1 MB 27.6 MB/s  0:00:01
#14 73.62 Downloading numpy-2.4.1-cp311-cp311-manylinux_2_27_x86_64.manylinux_2_28_x86_64.whl (16.7 MB)
#14 74.05    ━━━━━━━━━━━━━━━━━━━━━━━━━━━━━━━━━━━━━━━━ 16.7/16.7 MB 40.8 MB/s  0:00:00
#14 74.12 Downloading sortedcontainers-2.4.0-py2.py3-none-any.whl (29 kB)
#14 74.18 Downloading tblib-3.2.2-py3-none-any.whl (12 kB)
#14 74.24 Downloading tifftools-1.7.0-py3-none-any.whl (51 kB)
#14 74.30 Downloading toolz-1.1.0-py3-none-any.whl (58 kB)
#14 74.37 Downloading tornado-6.5.4-cp39-abi3-manylinux_2_5_x86_64.manylinux1_x86_64.manylinux_2_17_x86_64.manylinux2014_x86_64.whl (445 kB)
#14 74.43 Downloading zict-3.0.0-py2.py3-none-any.whl (43 kB)
#14 74.49 Downloading zipp-3.23.0-py3-none-any.whl (10 kB)
#14 74.55 Downloading diskcache-5.6.3-py3-none-any.whl (45 kB)
#14 74.62 Downloading et_xmlfile-2.0.0-py3-none-any.whl (18 kB)
#14 74.69 Downloading jsonschema-4.26.0-py3-none-any.whl (90 kB)
#14 74.76 Downloading attrs-25.4.0-py3-none-any.whl (67 kB)
#14 74.82 Downloading jsonschema_specifications-2025.9.1-py3-none-any.whl (18 kB)
#14 74.89 Downloading referencing-0.37.0-py3-none-any.whl (26 kB)
#14 74.96 Downloading rpds_py-0.30.0-cp311-cp311-manylinux_2_17_x86_64.manylinux2014_x86_64.whl (390 kB)
#14 75.05 Downloading palettable-3.3.3-py2.py3-none-any.whl (332 kB)
#14 75.13 Downloading pycparser-3.0-py3-none-any.whl (48 kB)
#14 75.19 Downloading requests_toolbelt-1.0.0-py2.py3-none-any.whl (54 kB)
#14 77.92 Building wheels for collected packages: girder-client, pyvips, pylibtiff
#14 77.92   Building wheel for girder-client (pyproject.toml): started
#14 79.44   Building wheel for girder-client (pyproject.toml): finished with status 'done'
#14 79.46   Created wheel for girder-client: filename=girder_client-3.2.11-py3-none-any.whl size=21153 sha256=c857b2c59ba29e29686a750a82ad818a0489300e363a9624ce1e4d45f76e4773
#14 79.46   Stored in directory: /tmp/pip-ephem-wheel-cache-2np6h8ph/wheels/09/41/df/5bdc944ff99ed74ceaa93063663112911efc2b11f6aa365667
#14 79.49   Building wheel for pyvips (pyproject.toml): started
#14 80.74   Building wheel for pyvips (pyproject.toml): finished with status 'done'
#14 80.74   Created wheel for pyvips: filename=pyvips-3.1.1-py3-none-any.whl size=54326 sha256=268832316ebbd481c07541cf4d622a36ab3b7df0ef18c18b068d54d5ca7a6670
#14 80.74   Stored in directory: /tmp/pip-ephem-wheel-cache-2np6h8ph/wheels/0e/84/fa/e597c5147792e065622573b5ee44a0fa88c3eeb7bc7338306b
#14 80.76   Building wheel for pylibtiff (pyproject.toml): started
#14 88.84   Building wheel for pylibtiff (pyproject.toml): finished with status 'done'
#14 88.85   Created wheel for pylibtiff: filename=pylibtiff-0.7.0-cp311-cp311-linux_x86_64.whl size=219232 sha256=1a3fc09c71e10f37eea705226891e3a66f7c2b8f93e6e868b72b0169b2bd7413
#14 88.86   Stored in directory: /tmp/pip-ephem-wheel-cache-2np6h8ph/wheels/6b/1f/bc/6cceef23878f921fc60a44dcd326832af486758b7b41beed81
#14 88.89 Successfully built girder-client pyvips pylibtiff
#14 90.03 Installing collected packages: sortedcontainers, ctk-cli, zipp, zict, xlrd, tornado, toolz, tifftools, tblib, rpds-py, pyyaml, python-dateutil, pylibmc, pycparser, pyarrow, psutil, palettable, numpy, msgpack, locket, jinja2, greenlet, fsspec, et-xmlfile, diskcache, cloudpickle, click, attrs, sqlalchemy, scipy, requests_toolbelt, referencing, pylibtiff, partd, pandas, openpyxl, opencv-python-headless, large-image, importlib_metadata, cffi, pyvips, nimfa, large-image-source-tiff, large-image-source-pil, jsonschema-specifications, girder-client, dask, jsonschema, distributed, girder-slicer-cli-web
#14 90.23   Attempting uninstall: zipp
#14 90.23     Found existing installation: zipp 1.0.0
#14 90.25     Uninstalling zipp-1.0.0:
#14 90.33       Successfully uninstalled zipp-1.0.0
#14 101.1   Attempting uninstall: numpy
#14 101.1     Found existing installation: numpy 1.26.2
#14 101.6     Uninstalling numpy-1.26.2:
#14 103.0       Successfully uninstalled numpy-1.26.2
#14 171.3   Attempting uninstall: importlib_metadata
#14 171.3     Found existing installation: importlib-metadata 4.6.4
#14 171.3     Uninstalling importlib-metadata-4.6.4:
#14 171.4       Successfully uninstalled importlib-metadata-4.6.4
#14 183.8 
#14 183.9 ERROR: pip's dependency resolver does not currently take into account all the packages that are installed. This behaviour is the source of the following dependency conflicts.
#14 183.9 tensorflow 2.15.0 requires numpy<2.0.0,>=1.23.5, but you have numpy 2.4.1 which is incompatible.
#14 183.9 Successfully installed attrs-25.4.0 cffi-2.0.0 click-8.3.1 cloudpickle-3.1.2 ctk-cli-1.5 dask-2026.1.2 diskcache-5.6.3 distributed-2026.1.2 et-xmlfile-2.0.0 fsspec-2026.1.0 girder-client-3.2.11 girder-slicer-cli-web-1.5.14 greenlet-3.3.1 importlib_metadata-8.7.1 jinja2-3.1.6 jsonschema-4.26.0 jsonschema-specifications-2025.9.1 large-image-1.34.0 large-image-source-pil-1.34.0 large-image-source-tiff-1.34.0 locket-1.0.0 msgpack-1.1.2 nimfa-1.4.0 numpy-2.4.1 opencv-python-headless-4.6.0.66 openpyxl-3.1.5 palettable-3.3.3 pandas-3.0.0 partd-1.4.2 psutil-7.2.2 pyarrow-23.0.0 pycparser-3.0 pylibmc-1.6.3 pylibtiff-0.7.0 python-dateutil-2.9.0.post0 pyvips-3.1.1 pyyaml-6.0.3 referencing-0.37.0 requests_toolbelt-1.0.0 rpds-py-0.30.0 scipy-1.17.0 sortedcontainers-2.4.0 sqlalchemy-2.0.46 tblib-3.2.2 tifftools-1.7.0 toolz-1.1.0 tornado-6.5.4 xlrd-1.2.0 zict-3.0.0 zipp-3.23.0
#14 183.9 WARNING: Running pip as the 'root' user can result in broken permissions and conflicting behaviour with the system package manager, possibly rendering your system unusable. It is recommended to use a virtual environment instead: https://pip.pypa.io/warnings/venv. Use the --root-user-action option if you know what you are doing and want to suppress this warning.
#14 DONE 186.4s

#15 [11/21] RUN pip install --no-cache-dir --force-reinstall 'numpy<2.0,>=1.23.5'
#15 4.694 Collecting numpy<2.0,>=1.23.5
#15 5.195   Downloading numpy-1.26.4-cp311-cp311-manylinux_2_17_x86_64.manylinux2014_x86_64.whl.metadata (61 kB)
#15 5.376 Downloading numpy-1.26.4-cp311-cp311-manylinux_2_17_x86_64.manylinux2014_x86_64.whl (18.3 MB)
#15 6.717    ━━━━━━━━━━━━━━━━━━━━━━━━━━━━━━━━━━━━━━━━ 18.3/18.3 MB 14.6 MB/s  0:00:01
#15 7.992 Installing collected packages: numpy
#15 7.993   Attempting uninstall: numpy
#15 7.998     Found existing installation: numpy 2.4.1
#15 8.350     Uninstalling numpy-2.4.1:
#15 9.303       Successfully uninstalled numpy-2.4.1
#15 19.58 Successfully installed numpy-1.26.4
#15 19.58 WARNING: Running pip as the 'root' user can result in broken permissions and conflicting behaviour with the system package manager, possibly rendering your system unusable. It is recommended to use a virtual environment instead: https://pip.pypa.io/warnings/venv. Use the --root-user-action option if you know what you are doing and want to suppress this warning.
#15 DONE 20.6s

#16 [12/21] RUN TF_KERAS_PATH=$(python -c "import tf_keras; print(tf_keras.__path__[0])") &&     mkdir -p "$TF_KERAS_PATH/legacy_tf_layers" &&     cp /HistomicsTK/shims/tf_keras/legacy_tf_layers/__init__.py "$TF_KERAS_PATH/legacy_tf_layers/" &&     cp /HistomicsTK/shims/tf_keras/legacy_tf_layers/normalization.py "$TF_KERAS_PATH/legacy_tf_layers/"
#16 3.965 2026-01-31 21:19:57.462509: E external/local_xla/xla/stream_executor/cuda/cuda_dnn.cc:9261] Unable to register cuDNN factory: Attempting to register factory for plugin cuDNN when one has already been registered
#16 3.966 2026-01-31 21:19:57.464203: E external/local_xla/xla/stream_executor/cuda/cuda_fft.cc:607] Unable to register cuFFT factory: Attempting to register factory for plugin cuFFT when one has already been registered
#16 4.086 2026-01-31 21:19:57.584454: E external/local_xla/xla/stream_executor/cuda/cuda_blas.cc:1515] Unable to register cuBLAS factory: Attempting to register factory for plugin cuBLAS when one has already been registered
#16 4.541 2026-01-31 21:19:58.039269: I tensorflow/core/platform/cpu_feature_guard.cc:182] This TensorFlow binary is optimized to use available CPU instructions in performance-critical operations.
#16 4.541 To enable the following instructions: AVX2 FMA, in other operations, rebuild TensorFlow with the appropriate compiler flags.
#16 DONE 20.8s

#17 [13/21] RUN pip install --no-cache-dir scikit-build
#17 3.030 Collecting scikit-build
#17 3.458   Downloading scikit_build-0.18.1-py3-none-any.whl.metadata (18 kB)
#17 3.525 Requirement already satisfied: distro in /usr/lib/python3/dist-packages (from scikit-build) (1.7.0)
#17 3.527 Requirement already satisfied: packaging in /usr/local/lib/python3.11/dist-packages (from scikit-build) (26.0)
#17 3.529 Requirement already satisfied: setuptools>=42.0.0 in /usr/local/lib/python3.11/dist-packages (from scikit-build) (80.10.2)
#17 3.531 Requirement already satisfied: wheel>=0.32.0 in /usr/local/lib/python3.11/dist-packages (from scikit-build) (0.46.3)
#17 3.640 Downloading scikit_build-0.18.1-py3-none-any.whl (85 kB)
#17 4.643 Installing collected packages: scikit-build
#17 4.907 Successfully installed scikit-build-0.18.1
#17 4.908 WARNING: Running pip as the 'root' user can result in broken permissions and conflicting behaviour with the system package manager, possibly rendering your system unusable. It is recommended to use a virtual environment instead: https://pip.pypa.io/warnings/venv. Use the --root-user-action option if you know what you are doing and want to suppress this warning.
#17 DONE 5.7s

#18 [14/21] RUN SETUPTOOLS_SCM_PRETEND_VERSION_FOR_HISTOMICSTK=1.0.0     pip install --no-cache-dir . --find-links https://girder.github.io/large_image_wheels
#18 2.075 Looking in links: https://girder.github.io/large_image_wheels
#18 2.077 Processing ./.
#18 2.088   Installing build dependencies: started
#18 26.31   Installing build dependencies: finished with status 'done'
#18 26.33   Getting requirements to build wheel: started
#18 29.89   Getting requirements to build wheel: finished with status 'done'
#18 29.90   Preparing metadata (pyproject.toml): started
#18 31.50   Preparing metadata (pyproject.toml): finished with status 'done'
#18 31.53 Requirement already satisfied: nimfa>=1.3.2 in /usr/local/lib/python3.11/dist-packages (from histomicstk==1.0.0) (1.4.0)
#18 31.53 Requirement already satisfied: numpy>=1.12.1 in /usr/local/lib/python3.11/dist-packages (from histomicstk==1.0.0) (1.26.4)
#18 31.53 Requirement already satisfied: scipy>=0.19.0 in /usr/local/lib/python3.11/dist-packages (from histomicstk==1.0.0) (1.17.0)
#18 31.54 Requirement already satisfied: Pillow>=3.2.0 in /usr/local/lib/python3.11/dist-packages (from histomicstk==1.0.0) (12.1.0)
#18 31.54 Requirement already satisfied: pandas>=0.19.2 in /usr/local/lib/python3.11/dist-packages (from histomicstk==1.0.0) (3.0.0)
#18 33.74 Collecting scikit-image>=0.14.2 (from histomicstk==1.0.0)
#18 34.23   Downloading scikit_image-0.26.0-cp311-cp311-manylinux_2_24_x86_64.manylinux_2_28_x86_64.whl.metadata (15 kB)
#18 35.14 Collecting scikit-learn>=0.18.1 (from histomicstk==1.0.0)
#18 35.20   Downloading scikit_learn-1.8.0-cp311-cp311-manylinux_2_27_x86_64.manylinux_2_28_x86_64.whl.metadata (11 kB)
#18 35.70 Collecting imageio>=2.3.0 (from histomicstk==1.0.0)
#18 35.76   Downloading imageio-2.37.2-py3-none-any.whl.metadata (9.7 kB)
#18 36.66 Collecting shapely[vectorized] (from histomicstk==1.0.0)
#18 36.72   Downloading shapely-2.1.2-cp311-cp311-manylinux2014_x86_64.manylinux_2_17_x86_64.whl.metadata (6.8 kB)
#18 36.74 Requirement already satisfied: opencv-python-headless<4.7 in /usr/local/lib/python3.11/dist-packages (from histomicstk==1.0.0) (4.6.0.66)
#18 36.74 Requirement already satisfied: sqlalchemy in /usr/local/lib/python3.11/dist-packages (from histomicstk==1.0.0) (2.0.46)
#18 37.83 Collecting matplotlib (from histomicstk==1.0.0)
#18 37.90   Downloading matplotlib-3.10.8-cp311-cp311-manylinux2014_x86_64.manylinux_2_17_x86_64.whl.metadata (52 kB)
#18 38.01 Requirement already satisfied: pyvips in /usr/local/lib/python3.11/dist-packages (from histomicstk==1.0.0) (3.1.1)
#18 38.01 Requirement already satisfied: termcolor in /usr/local/lib/python3.11/dist-packages (from histomicstk==1.0.0) (2.3.0)
#18 38.01 Requirement already satisfied: openpyxl in /usr/local/lib/python3.11/dist-packages (from histomicstk==1.0.0) (3.1.5)
#18 38.01 Requirement already satisfied: xlrd<2 in /usr/local/lib/python3.11/dist-packages (from histomicstk==1.0.0) (1.2.0)
#18 38.02 Requirement already satisfied: dask>=1.1.0 in /usr/local/lib/python3.11/dist-packages (from dask[dataframe]>=1.1.0->histomicstk==1.0.0) (2026.1.2)
#18 38.02 Requirement already satisfied: distributed>=1.21.6 in /usr/local/lib/python3.11/dist-packages (from histomicstk==1.0.0) (2026.1.2)
#18 38.02 Requirement already satisfied: large-image[sources] in /usr/local/lib/python3.11/dist-packages (from histomicstk==1.0.0) (1.34.0)
#18 38.02 Requirement already satisfied: girder-slicer-cli-web in /usr/local/lib/python3.11/dist-packages (from histomicstk==1.0.0) (1.5.14)
#18 38.03 Requirement already satisfied: girder-client in /usr/local/lib/python3.11/dist-packages (from histomicstk==1.0.0) (3.2.11)
#18 38.03 Requirement already satisfied: ctk-cli in /usr/local/lib/python3.11/dist-packages (from histomicstk==1.0.0) (1.5)
#18 38.06 Requirement already satisfied: click>=8.1 in /usr/local/lib/python3.11/dist-packages (from dask>=1.1.0->dask[dataframe]>=1.1.0->histomicstk==1.0.0) (8.3.1)
#18 38.06 Requirement already satisfied: cloudpickle>=3.0.0 in /usr/local/lib/python3.11/dist-packages (from dask>=1.1.0->dask[dataframe]>=1.1.0->histomicstk==1.0.0) (3.1.2)
#18 38.07 Requirement already satisfied: fsspec>=2021.09.0 in /usr/local/lib/python3.11/dist-packages (from dask>=1.1.0->dask[dataframe]>=1.1.0->histomicstk==1.0.0) (2026.1.0)
#18 38.07 Requirement already satisfied: packaging>=20.0 in /usr/local/lib/python3.11/dist-packages (from dask>=1.1.0->dask[dataframe]>=1.1.0->histomicstk==1.0.0) (26.0)
#18 38.07 Requirement already satisfied: partd>=1.4.0 in /usr/local/lib/python3.11/dist-packages (from dask>=1.1.0->dask[dataframe]>=1.1.0->histomicstk==1.0.0) (1.4.2)
#18 38.07 Requirement already satisfied: pyyaml>=5.3.1 in /usr/local/lib/python3.11/dist-packages (from dask>=1.1.0->dask[dataframe]>=1.1.0->histomicstk==1.0.0) (6.0.3)
#18 38.07 Requirement already satisfied: toolz>=0.12.0 in /usr/local/lib/python3.11/dist-packages (from dask>=1.1.0->dask[dataframe]>=1.1.0->histomicstk==1.0.0) (1.1.0)
#18 38.08 Requirement already satisfied: importlib_metadata>=4.13.0 in /usr/local/lib/python3.11/dist-packages (from dask>=1.1.0->dask[dataframe]>=1.1.0->histomicstk==1.0.0) (8.7.1)
#18 38.09 Requirement already satisfied: pyarrow>=16.0 in /usr/local/lib/python3.11/dist-packages (from dask[dataframe]>=1.1.0->histomicstk==1.0.0) (23.0.0)
#18 38.10 Requirement already satisfied: jinja2>=2.10.3 in /usr/local/lib/python3.11/dist-packages (from distributed>=1.21.6->histomicstk==1.0.0) (3.1.6)
#18 38.15 Requirement already satisfied: locket>=1.0.0 in /usr/local/lib/python3.11/dist-packages (from distributed>=1.21.6->histomicstk==1.0.0) (1.0.0)
#18 38.15 Requirement already satisfied: msgpack>=1.0.2 in /usr/local/lib/python3.11/dist-packages (from distributed>=1.21.6->histomicstk==1.0.0) (1.1.2)
#18 38.15 Requirement already satisfied: psutil>=5.8.0 in /usr/local/lib/python3.11/dist-packages (from distributed>=1.21.6->histomicstk==1.0.0) (7.2.2)
#18 38.15 Requirement already satisfied: sortedcontainers>=2.0.5 in /usr/local/lib/python3.11/dist-packages (from distributed>=1.21.6->histomicstk==1.0.0) (2.4.0)
#18 38.16 Requirement already satisfied: tblib!=3.2.0,!=3.2.1,>=1.6.0 in /usr/local/lib/python3.11/dist-packages (from distributed>=1.21.6->histomicstk==1.0.0) (3.2.2)
#18 38.16 Requirement already satisfied: tornado>=6.2.0 in /usr/local/lib/python3.11/dist-packages (from distributed>=1.21.6->histomicstk==1.0.0) (6.5.4)
#18 38.16 Requirement already satisfied: urllib3>=1.26.5 in /usr/local/lib/python3.11/dist-packages (from distributed>=1.21.6->histomicstk==1.0.0) (2.1.0)
#18 38.16 Requirement already satisfied: zict>=3.0.0 in /usr/local/lib/python3.11/dist-packages (from distributed>=1.21.6->histomicstk==1.0.0) (3.0.0)
#18 38.32 Requirement already satisfied: zipp>=3.20 in /usr/local/lib/python3.11/dist-packages (from importlib_metadata>=4.13.0->dask>=1.1.0->dask[dataframe]>=1.1.0->histomicstk==1.0.0) (3.23.0)
#18 38.33 Requirement already satisfied: MarkupSafe>=2.0 in /usr/local/lib/python3.11/dist-packages (from jinja2>=2.10.3->distributed>=1.21.6->histomicstk==1.0.0) (2.1.3)
#18 38.48 Requirement already satisfied: python-dateutil>=2.8.2 in /usr/local/lib/python3.11/dist-packages (from pandas>=0.19.2->histomicstk==1.0.0) (2.9.0.post0)
#18 38.54 Requirement already satisfied: six>=1.5 in /usr/lib/python3/dist-packages (from python-dateutil>=2.8.2->pandas>=0.19.2->histomicstk==1.0.0) (1.16.0)
#18 39.00 Collecting networkx>=3.0 (from scikit-image>=0.14.2->histomicstk==1.0.0)
#18 39.05   Downloading networkx-3.6.1-py3-none-any.whl.metadata (6.8 kB)
#18 39.62 Collecting tifffile>=2022.8.12 (from scikit-image>=0.14.2->histomicstk==1.0.0)
#18 39.67   Downloading tifffile-2026.1.28-py3-none-any.whl.metadata (30 kB)
#18 40.10 Collecting lazy-loader>=0.4 (from scikit-image>=0.14.2->histomicstk==1.0.0)
#18 40.16   Downloading lazy_loader-0.4-py3-none-any.whl.metadata (7.6 kB)
#18 40.61 Collecting joblib>=1.3.0 (from scikit-learn>=0.18.1->histomicstk==1.0.0)
#18 40.66   Downloading joblib-1.5.3-py3-none-any.whl.metadata (5.5 kB)
#18 41.05 Collecting threadpoolctl>=3.2.0 (from scikit-learn>=0.18.1->histomicstk==1.0.0)
#18 41.11   Downloading threadpoolctl-3.6.0-py3-none-any.whl.metadata (13 kB)
#18 41.26 Requirement already satisfied: diskcache in /usr/local/lib/python3.11/dist-packages (from girder-client->histomicstk==1.0.0) (5.6.3)
#18 41.27 Requirement already satisfied: requests>=2.4.2 in /usr/local/lib/python3.11/dist-packages (from girder-client->histomicstk==1.0.0) (2.31.0)
#18 41.27 Requirement already satisfied: requests_toolbelt in /usr/local/lib/python3.11/dist-packages (from girder-client->histomicstk==1.0.0) (1.0.0)
#18 41.29 Requirement already satisfied: charset-normalizer<4,>=2 in /usr/local/lib/python3.11/dist-packages (from requests>=2.4.2->girder-client->histomicstk==1.0.0) (3.3.2)
#18 41.30 Requirement already satisfied: idna<4,>=2.5 in /usr/local/lib/python3.11/dist-packages (from requests>=2.4.2->girder-client->histomicstk==1.0.0) (3.4)
#18 41.30 Requirement already satisfied: certifi>=2017.4.17 in /usr/local/lib/python3.11/dist-packages (from requests>=2.4.2->girder-client->histomicstk==1.0.0) (2023.11.17)
#18 41.36 Requirement already satisfied: jsonschema in /usr/local/lib/python3.11/dist-packages (from girder-slicer-cli-web->histomicstk==1.0.0) (4.26.0)
#18 41.38 Requirement already satisfied: attrs>=22.2.0 in /usr/local/lib/python3.11/dist-packages (from jsonschema->girder-slicer-cli-web->histomicstk==1.0.0) (25.4.0)
#18 41.39 Requirement already satisfied: jsonschema-specifications>=2023.03.6 in /usr/local/lib/python3.11/dist-packages (from jsonschema->girder-slicer-cli-web->histomicstk==1.0.0) (2025.9.1)
#18 41.39 Requirement already satisfied: referencing>=0.28.4 in /usr/local/lib/python3.11/dist-packages (from jsonschema->girder-slicer-cli-web->histomicstk==1.0.0) (0.37.0)
#18 41.39 Requirement already satisfied: rpds-py>=0.25.0 in /usr/local/lib/python3.11/dist-packages (from jsonschema->girder-slicer-cli-web->histomicstk==1.0.0) (0.30.0)
#18 41.42 Requirement already satisfied: typing-extensions>=4.4.0 in /usr/local/lib/python3.11/dist-packages (from referencing>=0.28.4->jsonschema->girder-slicer-cli-web->histomicstk==1.0.0) (4.8.0)
#18 41.60 Requirement already satisfied: cachetools in /usr/local/lib/python3.11/dist-packages (from large-image[sources]->histomicstk==1.0.0) (5.3.2)
#18 41.60 Requirement already satisfied: palettable in /usr/local/lib/python3.11/dist-packages (from large-image[sources]->histomicstk==1.0.0) (3.3.3)
#18 43.11 Collecting large-image-source-bioformats>=1.34.0 (from large-image[sources]->histomicstk==1.0.0)
#18 43.17   Downloading large_image_source_bioformats-1.34.0-py3-none-any.whl.metadata (1.3 kB)
#18 44.51 Collecting large-image-source-vips>=1.34.0 (from large-image[sources]->histomicstk==1.0.0)
#18 44.57   Downloading large_image_source_vips-1.34.0-py3-none-any.whl.metadata (1.3 kB)
#18 46.02 Collecting large-image-source-nd2>=1.34.0 (from large-image[sources]->histomicstk==1.0.0)
#18 46.09   Downloading large_image_source_nd2-1.34.0-py3-none-any.whl.metadata (1.3 kB)
#18 47.27 Collecting large-image-source-dicom>=1.34.0 (from large-image[sources]->histomicstk==1.0.0)
#18 47.34   Downloading large_image_source_dicom-1.34.0-py3-none-any.whl.metadata (1.4 kB)
#18 48.97 Collecting large-image-source-openslide>=1.34.0 (from large-image[sources]->histomicstk==1.0.0)
#18 49.04   Downloading large_image_source_openslide-1.34.0-py3-none-any.whl.metadata (1.7 kB)
#18 50.50 Collecting large-image-source-openjpeg>=1.34.0 (from large-image[sources]->histomicstk==1.0.0)
#18 50.57   Downloading large_image_source_openjpeg-1.34.0-py3-none-any.whl.metadata (1.2 kB)
#18 50.58 Requirement already satisfied: large-image-source-pil>=1.34.0 in /usr/local/lib/python3.11/dist-packages (from large-image[sources]->histomicstk==1.0.0) (1.34.0)
#18 51.73 Collecting large-image-source-rasterio>=1.34.0 (from large-image[sources]->histomicstk==1.0.0)
#18 51.79   Downloading large_image_source_rasterio-1.34.0-py3-none-any.whl.metadata (1.3 kB)
#18 52.64 Collecting large-image-source-zarr>=1.34.0 (from large-image[sources]->histomicstk==1.0.0)
#18 52.70   Downloading large_image_source_zarr-1.34.0-py3-none-any.whl.metadata (1.4 kB)
#18 54.16 Collecting large-image-source-gdal>=1.34.0 (from large-image[sources]->histomicstk==1.0.0)
#18 54.22   Downloading large_image_source_gdal-1.34.0-py3-none-any.whl.metadata (1.3 kB)
#18 55.85 Collecting large-image-source-mapnik>=1.34.0 (from large-image[sources]->histomicstk==1.0.0)
#18 55.92   Downloading large_image_source_mapnik-1.34.0-py3-none-any.whl.metadata (1.3 kB)
#18 57.41 Collecting large-image-source-test>=1.34.0 (from large-image[sources]->histomicstk==1.0.0)
#18 57.48   Downloading large_image_source_test-1.34.0-py3-none-any.whl.metadata (1.1 kB)
#18 58.95 Collecting large-image-source-dummy>=1.34.0 (from large-image[sources]->histomicstk==1.0.0)
#18 59.01   Downloading large_image_source_dummy-1.34.0-py3-none-any.whl.metadata (1.1 kB)
#18 60.46 Collecting large-image-source-multi>=1.34.0 (from large-image[sources]->histomicstk==1.0.0)
#18 60.52   Downloading large_image_source_multi-1.34.0-py3-none-any.whl.metadata (1.4 kB)
#18 61.67 Collecting large-image-source-tifffile>=1.34.0 (from large-image[sources]->histomicstk==1.0.0)
#18 61.73   Downloading large_image_source_tifffile-1.34.0-py3-none-any.whl.metadata (1.3 kB)
#18 61.74 Requirement already satisfied: large-image-source-tiff>=1.34.0 in /usr/local/lib/python3.11/dist-packages (from large-image[sources]->histomicstk==1.0.0) (1.34.0)
#18 63.05 Collecting large-image-source-deepzoom>=1.34.0 (from large-image[sources]->histomicstk==1.0.0)
#18 63.11   Downloading large_image_source_deepzoom-1.34.0-py3-none-any.whl.metadata (1.2 kB)
#18 64.73 Collecting large-image-source-ometiff>=1.34.0 (from large-image[sources]->histomicstk==1.0.0)
#18 64.80   Downloading large_image_source_ometiff-1.34.0-py3-none-any.whl.metadata (1.3 kB)
#18 65.24 Collecting python-bioformats>=1.5.2 (from large-image-source-bioformats>=1.34.0->large-image[sources]->histomicstk==1.0.0)
#18 67.11   Downloading https://github.com/girder/large_image_wheels/raw/wheelhouse/python_bioformats-4.1.0.8.4.0.1-py3-none-any.whl (49.8 MB)
#18 69.89      ━━━━━━━━━━━━━━━━━━━━━━━━━━━━━━━━━━━━━━━━ 49.8/49.8 MB 19.0 MB/s  0:00:02
#18 71.03 Collecting wsidicom!=0.21.3,>=0.9.0 (from large-image-source-dicom>=1.34.0->large-image[sources]->histomicstk==1.0.0)
#18 71.09   Downloading wsidicom-0.29.0-py3-none-any.whl.metadata (24 kB)
#18 71.55 Collecting pydicom (from large-image-source-dicom>=1.34.0->large-image[sources]->histomicstk==1.0.0)
#18 71.61   Downloading pydicom-3.0.1-py3-none-any.whl.metadata (9.4 kB)
#18 71.65 Requirement already satisfied: gdal in /usr/lib/python3/dist-packages (from large-image-source-gdal>=1.34.0->large-image[sources]->histomicstk==1.0.0) (3.4.1)
#18 72.43 Collecting pyproj>=3.5.0 (from large-image-source-gdal>=1.34.0->large-image[sources]->histomicstk==1.0.0)
#18 72.49   Downloading pyproj-3.7.2-cp311-cp311-manylinux_2_28_x86_64.whl.metadata (31 kB)
#18 72.96 Collecting mapnik (from large-image-source-mapnik>=1.34.0->large-image[sources]->histomicstk==1.0.0)
#18 73.93   Downloading https://github.com/girder/large_image_wheels/raw/wheelhouse/mapnik-4.2.1.1-cp311-cp311-manylinux_2_28_x86_64.whl (76.5 MB)
#18 75.87      ━━━━━━━━━━━━━━━━━━━━━━━━━━━━━━━━━━━━━━━━ 76.5/76.5 MB 40.5 MB/s  0:00:01
#18 77.48 Collecting nd2>=0.2.3 (from nd2[legacy]>=0.2.3->large-image-source-nd2>=1.34.0->large-image[sources]->histomicstk==1.0.0)
#18 77.54   Downloading nd2-0.11.2-py3-none-any.whl.metadata (25 kB)
#18 78.41 Collecting glymur>=0.8.18 (from large-image-source-openjpeg>=1.34.0->large-image[sources]->histomicstk==1.0.0)
#18 79.24   Downloading https://github.com/girder/large_image_wheels/raw/wheelhouse/Glymur-0.14.6.1-py3-none-manylinux_2_28_x86_64.whl (4.7 MB)
#18 79.39      ━━━━━━━━━━━━━━━━━━━━━━━━━━━━━━━━━━━━━━━━ 4.7/4.7 MB 36.4 MB/s  0:00:00
#18 81.09 Collecting lxml (from glymur>=0.8.18->large-image-source-openjpeg>=1.34.0->large-image[sources]->histomicstk==1.0.0)
#18 81.17   Downloading lxml-6.0.2-cp311-cp311-manylinux_2_26_x86_64.manylinux_2_28_x86_64.whl.metadata (3.6 kB)
#18 81.62 Collecting openslide-python>=1.4.1 (from large-image-source-openslide>=1.34.0->large-image[sources]->histomicstk==1.0.0)
#18 82.79   Downloading https://github.com/girder/large_image_wheels/raw/wheelhouse/openslide_python-1.4.3.1-cp311-abi3-manylinux_2_28_x86_64.whl (7.2 MB)
#18 83.02      ━━━━━━━━━━━━━━━━━━━━━━━━━━━━━━━━━━━━━━━━ 7.2/7.2 MB 35.9 MB/s  0:00:00
#18 83.53 Collecting openslide-bin (from large-image-source-openslide>=1.34.0->large-image[sources]->histomicstk==1.0.0)
#18 83.59   Downloading openslide_bin-4.0.0.11-py3-none-manylinux_2_28_x86_64.whl.metadata (5.4 kB)
#18 83.60 Requirement already satisfied: tifftools>=1.7.0 in /usr/local/lib/python3.11/dist-packages (from large-image-source-openslide>=1.34.0->large-image[sources]->histomicstk==1.0.0) (1.7.0)
#18 84.54 Collecting rasterio>=1.3 (from large-image-source-rasterio>=1.34.0->large-image[sources]->histomicstk==1.0.0)
#18 84.63   Downloading rasterio-1.4.4-cp311-cp311-manylinux_2_28_x86_64.whl.metadata (9.3 kB)
#18 84.69 Requirement already satisfied: pylibtiff in /usr/local/lib/python3.11/dist-packages (from large-image-source-tiff>=1.34.0->large-image[sources]->histomicstk==1.0.0) (0.7.0)
#18 85.24 Collecting zarr (from large-image-source-tifffile>=1.34.0->large-image[sources]->histomicstk==1.0.0)
#18 85.30   Downloading zarr-3.1.5-py3-none-any.whl.metadata (10 kB)
#18 85.45   Downloading zarr-2.18.7-py3-none-any.whl.metadata (5.8 kB)
#18 86.05 Collecting numcodecs<0.16 (from large-image-source-zarr>=1.34.0->large-image[sources]->histomicstk==1.0.0)
#18 86.11   Downloading numcodecs-0.15.1-cp311-cp311-manylinux_2_17_x86_64.manylinux2014_x86_64.whl.metadata (2.9 kB)
#18 86.51 Collecting imagecodecs-numcodecs!=2024.9.22 (from large-image-source-zarr>=1.34.0->large-image[sources]->histomicstk==1.0.0)
#18 86.56   Downloading imagecodecs_numcodecs-2026.1.1-py3-none-any.whl.metadata (5.0 kB)
#18 86.95 Collecting deprecated (from numcodecs<0.16->large-image-source-zarr>=1.34.0->large-image[sources]->histomicstk==1.0.0)
#18 87.01   Downloading deprecated-1.3.1-py2.py3-none-any.whl.metadata (5.9 kB)
#18 87.40 Collecting asciitree (from zarr->large-image-source-tifffile>=1.34.0->large-image[sources]->histomicstk==1.0.0)
#18 87.47   Downloading asciitree-0.3.3.tar.gz (4.0 kB)
#18 87.50   Installing build dependencies: started
#18 96.11   Installing build dependencies: finished with status 'done'
#18 96.12   Getting requirements to build wheel: started
#18 97.90   Getting requirements to build wheel: finished with status 'done'
#18 97.91   Preparing metadata (pyproject.toml): started
#18 98.93   Preparing metadata (pyproject.toml): finished with status 'done'
#18 99.42 Collecting fasteners (from zarr->large-image-source-tifffile>=1.34.0->large-image[sources]->histomicstk==1.0.0)
#18 99.48   Downloading fasteners-0.20-py3-none-any.whl.metadata (4.8 kB)
#18 100.2 Collecting imagecodecs>=2026.1.1 (from imagecodecs-numcodecs!=2024.9.22->large-image-source-zarr>=1.34.0->large-image[sources]->histomicstk==1.0.0)
#18 100.3   Downloading imagecodecs-2026.1.14-cp311-abi3-manylinux_2_27_x86_64.manylinux_2_28_x86_64.whl.metadata (20 kB)
#18 100.7 Collecting ome-types>=0.6.2 (from nd2>=0.2.3->nd2[legacy]>=0.2.3->large-image-source-nd2>=1.34.0->large-image[sources]->histomicstk==1.0.0)
#18 100.8   Downloading ome_types-0.6.3-py3-none-any.whl.metadata (9.8 kB)
#18 101.2 Collecting resource-backed-dask-array>=0.1.0 (from nd2>=0.2.3->nd2[legacy]>=0.2.3->large-image-source-nd2>=1.34.0->large-image[sources]->histomicstk==1.0.0)
#18 101.3   Downloading resource_backed_dask_array-0.1.0-py2.py3-none-any.whl.metadata (6.5 kB)
#18 101.8 Collecting pydantic-extra-types>=2.0.0 (from ome-types>=0.6.2->nd2>=0.2.3->nd2[legacy]>=0.2.3->large-image-source-nd2>=1.34.0->large-image[sources]->histomicstk==1.0.0)
#18 101.8   Downloading pydantic_extra_types-2.11.0-py3-none-any.whl.metadata (4.0 kB)
#18 102.9 Collecting pydantic>=2.4.0 (from ome-types>=0.6.2->nd2>=0.2.3->nd2[legacy]>=0.2.3->large-image-source-nd2>=1.34.0->large-image[sources]->histomicstk==1.0.0)
#18 102.9   Downloading pydantic-2.12.5-py3-none-any.whl.metadata (90 kB)
#18 103.5 Collecting xsdata>=24.4 (from ome-types>=0.6.2->nd2>=0.2.3->nd2[legacy]>=0.2.3->large-image-source-nd2>=1.34.0->large-image[sources]->histomicstk==1.0.0)
#18 103.6   Downloading xsdata-26.1-py3-none-any.whl.metadata (6.2 kB)
#18 104.0 Collecting annotated-types>=0.6.0 (from pydantic>=2.4.0->ome-types>=0.6.2->nd2>=0.2.3->nd2[legacy]>=0.2.3->large-image-source-nd2>=1.34.0->large-image[sources]->histomicstk==1.0.0)
#18 104.1   Downloading annotated_types-0.7.0-py3-none-any.whl.metadata (15 kB)
#18 109.0 Collecting pydantic-core==2.41.5 (from pydantic>=2.4.0->ome-types>=0.6.2->nd2>=0.2.3->nd2[legacy]>=0.2.3->large-image-source-nd2>=1.34.0->large-image[sources]->histomicstk==1.0.0)
#18 109.1   Downloading pydantic_core-2.41.5-cp311-cp311-manylinux_2_17_x86_64.manylinux2014_x86_64.whl.metadata (7.3 kB)
#18 109.5 Collecting typing-extensions>=4.4.0 (from referencing>=0.28.4->jsonschema->girder-slicer-cli-web->histomicstk==1.0.0)
#18 109.6   Downloading typing_extensions-4.15.0-py3-none-any.whl.metadata (3.3 kB)
#18 110.0 Collecting typing-inspection>=0.4.2 (from pydantic>=2.4.0->ome-types>=0.6.2->nd2>=0.2.3->nd2[legacy]>=0.2.3->large-image-source-nd2>=1.34.0->large-image[sources]->histomicstk==1.0.0)
#18 110.0   Downloading typing_inspection-0.4.2-py3-none-any.whl.metadata (2.6 kB)
#18 112.4 Collecting boto3>=1.14.23 (from python-bioformats>=1.5.2->large-image-source-bioformats>=1.34.0->large-image[sources]->histomicstk==1.0.0)
#18 112.4   Downloading boto3-1.42.39-py3-none-any.whl.metadata (6.8 kB)
#18 112.9 Collecting python-javabridge~=4.0.3 (from python-bioformats>=1.5.2->large-image-source-bioformats>=1.34.0->large-image[sources]->histomicstk==1.0.0)
#18 114.0   Downloading https://github.com/girder/large_image_wheels/raw/wheelhouse/python_javabridge-4.0.4.1-cp311-cp311-manylinux_2_28_x86_64.whl (49.7 MB)
#18 115.5      ━━━━━━━━━━━━━━━━━━━━━━━━━━━━━━━━━━━━━━━━ 49.7/49.7 MB 35.2 MB/s  0:00:01
#18 118.3 Collecting botocore<1.43.0,>=1.42.39 (from boto3>=1.14.23->python-bioformats>=1.5.2->large-image-source-bioformats>=1.34.0->large-image[sources]->histomicstk==1.0.0)
#18 118.4   Downloading botocore-1.42.39-py3-none-any.whl.metadata (5.9 kB)
#18 118.8 Collecting jmespath<2.0.0,>=0.7.1 (from boto3>=1.14.23->python-bioformats>=1.5.2->large-image-source-bioformats>=1.34.0->large-image[sources]->histomicstk==1.0.0)
#18 118.8   Downloading jmespath-1.1.0-py3-none-any.whl.metadata (7.6 kB)
#18 119.8 Collecting s3transfer<0.17.0,>=0.16.0 (from boto3>=1.14.23->python-bioformats>=1.5.2->large-image-source-bioformats>=1.34.0->large-image[sources]->histomicstk==1.0.0)
#18 119.9   Downloading s3transfer-0.16.0-py3-none-any.whl.metadata (1.7 kB)
#18 121.3 Collecting affine (from rasterio>=1.3->large-image-source-rasterio>=1.34.0->large-image[sources]->histomicstk==1.0.0)
#18 121.3   Downloading affine-2.4.0-py3-none-any.whl.metadata (4.0 kB)
#18 121.8 Collecting cligj>=0.5 (from rasterio>=1.3->large-image-source-rasterio>=1.34.0->large-image[sources]->histomicstk==1.0.0)
#18 121.8   Downloading cligj-0.7.2-py3-none-any.whl.metadata (5.0 kB)
#18 122.2 Collecting click-plugins (from rasterio>=1.3->large-image-source-rasterio>=1.34.0->large-image[sources]->histomicstk==1.0.0)
#18 122.3   Downloading click_plugins-1.1.1.2-py2.py3-none-any.whl.metadata (6.5 kB)
#18 122.3 Requirement already satisfied: pyparsing in /usr/lib/python3/dist-packages (from rasterio>=1.3->large-image-source-rasterio>=1.34.0->large-image[sources]->histomicstk==1.0.0) (2.4.7)
#18 122.8 Collecting dicomweb-client<0.60.0,>=0.59.2 (from wsidicom!=0.21.3,>=0.9.0->large-image-source-dicom>=1.34.0->large-image[sources]->histomicstk==1.0.0)
#18 122.9   Downloading dicomweb_client-0.59.3-py3-none-any.whl.metadata (4.5 kB)
#18 123.4 Collecting marshmallow<4.0.0,>=3.20.1 (from wsidicom!=0.21.3,>=0.9.0->large-image-source-dicom>=1.34.0->large-image[sources]->histomicstk==1.0.0)
#18 123.5   Downloading marshmallow-3.26.2-py3-none-any.whl.metadata (7.3 kB)
#18 124.0 Collecting universal-pathlib<0.3.0,>=0.2.1 (from wsidicom!=0.21.3,>=0.9.0->large-image-source-dicom>=1.34.0->large-image[sources]->histomicstk==1.0.0)
#18 124.0   Downloading universal_pathlib-0.2.6-py3-none-any.whl.metadata (25 kB)
#18 124.5 Collecting retrying>=1.3.3 (from dicomweb-client<0.60.0,>=0.59.2->wsidicom!=0.21.3,>=0.9.0->large-image-source-dicom>=1.34.0->large-image[sources]->histomicstk==1.0.0)
#18 124.6   Downloading retrying-1.4.2-py3-none-any.whl.metadata (5.5 kB)
#18 124.7 Requirement already satisfied: wrapt<3,>=1.10 in /usr/local/lib/python3.11/dist-packages (from deprecated->numcodecs<0.16->large-image-source-zarr>=1.34.0->large-image[sources]->histomicstk==1.0.0) (1.14.1)
#18 125.6 Collecting contourpy>=1.0.1 (from matplotlib->histomicstk==1.0.0)
#18 125.6   Downloading contourpy-1.3.3-cp311-cp311-manylinux_2_27_x86_64.manylinux_2_28_x86_64.whl.metadata (5.5 kB)
#18 126.1 Collecting cycler>=0.10 (from matplotlib->histomicstk==1.0.0)
#18 126.1   Downloading cycler-0.12.1-py3-none-any.whl.metadata (3.8 kB)
#18 127.4 Collecting fonttools>=4.22.0 (from matplotlib->histomicstk==1.0.0)
#18 127.5   Downloading fonttools-4.61.1-cp311-cp311-manylinux2014_x86_64.manylinux_2_17_x86_64.whl.metadata (114 kB)
#18 128.3 Collecting kiwisolver>=1.3.1 (from matplotlib->histomicstk==1.0.0)
#18 128.4   Downloading kiwisolver-1.4.9-cp311-cp311-manylinux2014_x86_64.manylinux_2_17_x86_64.whl.metadata (6.3 kB)
#18 128.9 Collecting pyparsing (from rasterio>=1.3->large-image-source-rasterio>=1.34.0->large-image[sources]->histomicstk==1.0.0)
#18 128.9   Downloading pyparsing-3.3.2-py3-none-any.whl.metadata (5.8 kB)
#18 129.0 Requirement already satisfied: et-xmlfile in /usr/local/lib/python3.11/dist-packages (from openpyxl->histomicstk==1.0.0) (2.0.0)
#18 129.1 Requirement already satisfied: cffi>=1.0.0 in /usr/local/lib/python3.11/dist-packages (from pyvips->histomicstk==1.0.0) (2.0.0)
#18 129.1 Requirement already satisfied: pycparser in /usr/local/lib/python3.11/dist-packages (from cffi>=1.0.0->pyvips->histomicstk==1.0.0) (3.0)
#18 129.1 WARNING: shapely 2.1.2 does not provide the extra 'vectorized'
#18 129.2 Requirement already satisfied: greenlet>=1 in /usr/local/lib/python3.11/dist-packages (from sqlalchemy->histomicstk==1.0.0) (3.3.1)
#18 129.8 Collecting defusedxml (from tifffile[all]->large-image-source-tifffile>=1.34.0->large-image[sources]->histomicstk==1.0.0)
#18 129.9   Downloading defusedxml-0.7.1-py2.py3-none-any.whl.metadata (32 kB)
#18 130.0 INFO: pip is looking at multiple versions of tifffile[all] to determine which version is compatible with other requirements. This could take a while.
#18 130.0 Collecting tifffile[all] (from large-image-source-tifffile>=1.34.0->large-image[sources]->histomicstk==1.0.0)
#18 130.0   Downloading tifffile-2026.1.14-py3-none-any.whl.metadata (30 kB)
#18 130.1   Downloading tifffile-2025.12.20-py3-none-any.whl.metadata (30 kB)
#18 130.3   Downloading tifffile-2025.12.12-py3-none-any.whl.metadata (31 kB)
#18 130.4   Downloading tifffile-2025.10.16-py3-none-any.whl.metadata (31 kB)
#18 130.5   Downloading tifffile-2025.10.4-py3-none-any.whl.metadata (30 kB)
#18 130.6   Downloading tifffile-2025.9.30-py3-none-any.whl.metadata (30 kB)
#18 130.7   Downloading tifffile-2025.9.20-py3-none-any.whl.metadata (30 kB)
#18 130.8 INFO: pip is still looking at multiple versions of tifffile[all] to determine which version is compatible with other requirements. This could take a while.
#18 130.8   Downloading tifffile-2025.9.9-py3-none-any.whl.metadata (31 kB)
#18 130.9   Downloading tifffile-2025.8.28-py3-none-any.whl.metadata (32 kB)
#18 131.0   Downloading tifffile-2025.6.11-py3-none-any.whl.metadata (32 kB)
#18 131.1   Downloading tifffile-2025.6.1-py3-none-any.whl.metadata (32 kB)
#18 131.3   Downloading tifffile-2025.5.26-py3-none-any.whl.metadata (32 kB)
#18 131.3 INFO: This is taking longer than usual. You might need to provide the dependency resolver with stricter constraints to reduce runtime. See https://pip.pypa.io/warnings/backtracking for guidance. If you want to abort this run, press Ctrl + C.
#18 131.4   Downloading tifffile-2025.5.24-py3-none-any.whl.metadata (31 kB)
#18 131.5   Downloading tifffile-2025.5.21-py3-none-any.whl.metadata (31 kB)
#18 131.6   Downloading tifffile-2025.5.10-py3-none-any.whl.metadata (31 kB)
#18 131.8 Downloading imageio-2.37.2-py3-none-any.whl (317 kB)
#18 132.1 Downloading scikit_image-0.26.0-cp311-cp311-manylinux_2_24_x86_64.manylinux_2_28_x86_64.whl (13.7 MB)
#18 134.7    ━━━━━━━━━━━━━━━━━━━━━━━━━━━━━━━━━━━━━━━━ 13.7/13.7 MB 5.5 MB/s  0:00:02
#18 134.8 Downloading lazy_loader-0.4-py3-none-any.whl (12 kB)
#18 134.8 Downloading networkx-3.6.1-py3-none-any.whl (2.1 MB)
#18 135.0    ━━━━━━━━━━━━━━━━━━━━━━━━━━━━━━━━━━━━━━━━ 2.1/2.1 MB 15.8 MB/s  0:00:00
#18 135.0 Downloading scikit_learn-1.8.0-cp311-cp311-manylinux_2_27_x86_64.manylinux_2_28_x86_64.whl (9.1 MB)
#18 135.7    ━━━━━━━━━━━━━━━━━━━━━━━━━━━━━━━━━━━━━━━━ 9.1/9.1 MB 14.5 MB/s  0:00:00
#18 135.7 Downloading joblib-1.5.3-py3-none-any.whl (309 kB)
#18 135.8 Downloading threadpoolctl-3.6.0-py3-none-any.whl (18 kB)
#18 135.9 Downloading large_image_source_bioformats-1.34.0-py3-none-any.whl (16 kB)
#18 136.0 Downloading large_image_source_deepzoom-1.34.0-py3-none-any.whl (8.2 kB)
#18 136.0 Downloading large_image_source_dicom-1.34.0-py3-none-any.whl (33 kB)
#18 136.1 Downloading large_image_source_dummy-1.34.0-py3-none-any.whl (6.5 kB)
#18 136.2 Downloading large_image_source_gdal-1.34.0-py3-none-any.whl (20 kB)
#18 136.2 Downloading large_image_source_mapnik-1.34.0-py3-none-any.whl (12 kB)
#18 136.3 Downloading large_image_source_multi-1.34.0-py3-none-any.whl (22 kB)
#18 136.4 Downloading large_image_source_nd2-1.34.0-py3-none-any.whl (10 kB)
#18 136.5 Downloading large_image_source_ometiff-1.34.0-py3-none-any.whl (12 kB)
#18 136.6 Downloading large_image_source_openjpeg-1.34.0-py3-none-any.whl (10 kB)
#18 136.7 Downloading large_image_source_openslide-1.34.0-py3-none-any.whl (13 kB)
#18 136.8 Downloading large_image_source_rasterio-1.34.0-py3-none-any.whl (19 kB)
#18 136.9 Downloading large_image_source_test-1.34.0-py3-none-any.whl (10 kB)
#18 137.0 Downloading large_image_source_tifffile-1.34.0-py3-none-any.whl (14 kB)
#18 137.1 Downloading large_image_source_vips-1.34.0-py3-none-any.whl (13 kB)
#18 137.2 Downloading large_image_source_zarr-1.34.0-py3-none-any.whl (20 kB)
#18 137.2 Downloading numcodecs-0.15.1-cp311-cp311-manylinux_2_17_x86_64.manylinux2014_x86_64.whl (8.9 MB)
#18 137.8    ━━━━━━━━━━━━━━━━━━━━━━━━━━━━━━━━━━━━━━━━ 8.9/8.9 MB 17.3 MB/s  0:00:00
#18 137.8 Downloading zarr-2.18.7-py3-none-any.whl (211 kB)
#18 137.9 Downloading imagecodecs_numcodecs-2026.1.1-py3-none-any.whl (3.0 kB)
#18 138.0 Downloading imagecodecs-2026.1.14-cp311-abi3-manylinux_2_27_x86_64.manylinux_2_28_x86_64.whl (24.7 MB)
#18 139.5    ━━━━━━━━━━━━━━━━━━━━━━━━━━━━━━━━━━━━━━━━ 24.7/24.7 MB 16.7 MB/s  0:00:01
#18 139.6 Downloading nd2-0.11.2-py3-none-any.whl (102 kB)
#18 139.7 Downloading ome_types-0.6.3-py3-none-any.whl (245 kB)
#18 139.7 Downloading pydantic-2.12.5-py3-none-any.whl (463 kB)
#18 139.8 Downloading pydantic_core-2.41.5-cp311-cp311-manylinux_2_17_x86_64.manylinux2014_x86_64.whl (2.1 MB)
#18 139.9    ━━━━━━━━━━━━━━━━━━━━━━━━━━━━━━━━━━━━━━━━ 2.1/2.1 MB 21.4 MB/s  0:00:00
#18 140.0 Downloading annotated_types-0.7.0-py3-none-any.whl (13 kB)
#18 140.0 Downloading pydantic_extra_types-2.11.0-py3-none-any.whl (74 kB)
#18 140.1 Downloading pyproj-3.7.2-cp311-cp311-manylinux_2_28_x86_64.whl (9.5 MB)
#18 140.6    ━━━━━━━━━━━━━━━━━━━━━━━━━━━━━━━━━━━━━━━━ 9.5/9.5 MB 18.1 MB/s  0:00:00
#18 140.7 Downloading boto3-1.42.39-py3-none-any.whl (140 kB)
#18 140.7 Downloading botocore-1.42.39-py3-none-any.whl (14.6 MB)
#18 141.7    ━━━━━━━━━━━━━━━━━━━━━━━━━━━━━━━━━━━━━━━━ 14.6/14.6 MB 15.2 MB/s  0:00:00
#18 141.8 Downloading jmespath-1.1.0-py3-none-any.whl (20 kB)
#18 141.9 Downloading s3transfer-0.16.0-py3-none-any.whl (86 kB)
#18 141.9 Downloading rasterio-1.4.4-cp311-cp311-manylinux_2_28_x86_64.whl (35.9 MB)
#18 144.2    ━━━━━━━━━━━━━━━━━━━━━━━━━━━━━━━━━━━━━━━━ 35.9/35.9 MB 15.6 MB/s  0:00:02
#18 144.3 Downloading cligj-0.7.2-py3-none-any.whl (7.1 kB)
#18 144.4 Downloading resource_backed_dask_array-0.1.0-py2.py3-none-any.whl (8.0 kB)
#18 144.4 Downloading typing_extensions-4.15.0-py3-none-any.whl (44 kB)
#18 144.5 Downloading typing_inspection-0.4.2-py3-none-any.whl (14 kB)
#18 144.6 Downloading wsidicom-0.29.0-py3-none-any.whl (242 kB)
#18 144.6 Downloading dicomweb_client-0.59.3-py3-none-any.whl (61 kB)
#18 144.7 Downloading marshmallow-3.26.2-py3-none-any.whl (50 kB)
#18 144.8 Downloading universal_pathlib-0.2.6-py3-none-any.whl (50 kB)
#18 144.9 Downloading pydicom-3.0.1-py3-none-any.whl (2.4 MB)
#18 145.0    ━━━━━━━━━━━━━━━━━━━━━━━━━━━━━━━━━━━━━━━━ 2.4/2.4 MB 13.7 MB/s  0:00:00
#18 145.1 Downloading retrying-1.4.2-py3-none-any.whl (10 kB)
#18 145.2 Downloading xsdata-26.1-py3-none-any.whl (235 kB)
#18 145.2 Downloading affine-2.4.0-py3-none-any.whl (15 kB)
#18 145.3 Downloading click_plugins-1.1.1.2-py2.py3-none-any.whl (11 kB)
#18 145.4 Downloading deprecated-1.3.1-py2.py3-none-any.whl (11 kB)
#18 145.5 Downloading fasteners-0.20-py3-none-any.whl (18 kB)
#18 145.5 Downloading lxml-6.0.2-cp311-cp311-manylinux_2_26_x86_64.manylinux_2_28_x86_64.whl (5.2 MB)
#18 145.9    ━━━━━━━━━━━━━━━━━━━━━━━━━━━━━━━━━━━━━━━━ 5.2/5.2 MB 14.5 MB/s  0:00:00
#18 146.0 Downloading matplotlib-3.10.8-cp311-cp311-manylinux2014_x86_64.manylinux_2_17_x86_64.whl (8.7 MB)
#18 146.5    ━━━━━━━━━━━━━━━━━━━━━━━━━━━━━━━━━━━━━━━━ 8.7/8.7 MB 15.9 MB/s  0:00:00
#18 146.6 Downloading contourpy-1.3.3-cp311-cp311-manylinux_2_27_x86_64.manylinux_2_28_x86_64.whl (355 kB)
#18 146.7 Downloading cycler-0.12.1-py3-none-any.whl (8.3 kB)
#18 146.7 Downloading fonttools-4.61.1-cp311-cp311-manylinux2014_x86_64.manylinux_2_17_x86_64.whl (5.0 MB)
#18 147.1    ━━━━━━━━━━━━━━━━━━━━━━━━━━━━━━━━━━━━━━━━ 5.0/5.0 MB 16.6 MB/s  0:00:00
#18 147.1 Downloading kiwisolver-1.4.9-cp311-cp311-manylinux2014_x86_64.manylinux_2_17_x86_64.whl (1.4 MB)
#18 147.2    ━━━━━━━━━━━━━━━━━━━━━━━━━━━━━━━━━━━━━━━━ 1.4/1.4 MB 18.2 MB/s  0:00:00
#18 147.3 Downloading pyparsing-3.3.2-py3-none-any.whl (122 kB)
#18 147.4 Downloading openslide_bin-4.0.0.11-py3-none-manylinux_2_28_x86_64.whl (4.3 MB)
#18 147.7    ━━━━━━━━━━━━━━━━━━━━━━━━━━━━━━━━━━━━━━━━ 4.3/4.3 MB 17.0 MB/s  0:00:00
#18 147.7 Downloading shapely-2.1.2-cp311-cp311-manylinux2014_x86_64.manylinux_2_17_x86_64.whl (3.1 MB)
#18 147.9    ━━━━━━━━━━━━━━━━━━━━━━━━━━━━━━━━━━━━━━━━ 3.1/3.1 MB 16.7 MB/s  0:00:00
#18 148.0 Downloading tifffile-2025.5.10-py3-none-any.whl (226 kB)
#18 148.1 Downloading defusedxml-0.7.1-py2.py3-none-any.whl (25 kB)
#18 150.7 Building wheels for collected packages: histomicstk, asciitree
#18 150.7   Building wheel for histomicstk (pyproject.toml): started
#18 219.5   Building wheel for histomicstk (pyproject.toml): still running...
#18 232.9   Building wheel for histomicstk (pyproject.toml): finished with status 'done'
#18 233.1   Created wheel for histomicstk: filename=histomicstk-1.0.0-cp311-cp311-linux_x86_64.whl size=969761 sha256=bbc80bf977a36584c87f4b23d2d9615f58dd79166cf3e62935d2bc3a8bc54679
#18 233.1   Stored in directory: /tmp/pip-ephem-wheel-cache-qq_kcnzh/wheels/bc/47/97/3aaaedcb6860173c60381e91e0fde348947e67ea114fc0dc85
#18 233.4   Building wheel for asciitree (pyproject.toml): started
#18 234.9   Building wheel for asciitree (pyproject.toml): finished with status 'done'
#18 234.9   Created wheel for asciitree: filename=asciitree-0.3.3-py3-none-any.whl size=5098 sha256=9d7cb88bf2f9f426ab8e7008e6ebc00ccb7cfe3dc4f5523ae1f27c35d48e8938
#18 234.9   Stored in directory: /tmp/pip-ephem-wheel-cache-qq_kcnzh/wheels/71/c1/da/23077eb3b87d24d6f3852ed1ed1a1ac2d3c885ad6ebd2b4a07
#18 234.9 Successfully built histomicstk asciitree
#18 236.2 Installing collected packages: asciitree, universal-pathlib, typing-extensions, tifffile, threadpoolctl, shapely, retrying, python-javabridge, pyproj, pyparsing, pydicom, openslide-python, openslide-bin, networkx, marshmallow, mapnik, lxml, lazy-loader, kiwisolver, joblib, jmespath, imageio, imagecodecs, fonttools, fasteners, deprecated, defusedxml, cycler, contourpy, cligj, click-plugins, annotated-types, affine, xsdata, typing-inspection, scikit-learn, scikit-image, rasterio, pydantic-core, numcodecs, matplotlib, glymur, dicomweb-client, botocore, zarr, wsidicom, s3transfer, pydantic, large-image-source-vips, large-image-source-test, large-image-source-rasterio, large-image-source-openslide, large-image-source-openjpeg, large-image-source-gdal, large-image-source-dummy, large-image-source-deepzoom, imagecodecs-numcodecs, resource-backed-dask-array, pydantic-extra-types, large-image-source-zarr, large-image-source-ometiff, large-image-source-mapnik, large-image-source-dicom, boto3, python-bioformats, ome-types, large-image-source-tifffile, large-image-source-multi, nd2, large-image-source-bioformats, large-image-source-nd2, histomicstk
#18 236.6   Attempting uninstall: typing-extensions
#18 236.6     Found existing installation: typing_extensions 4.8.0
#18 236.6     Uninstalling typing_extensions-4.8.0:
#18 239.7       Successfully uninstalled typing_extensions-4.8.0
#18 245.8   Attempting uninstall: pyparsing
#18 245.8     Found existing installation: pyparsing 2.4.7
#18 245.8     Uninstalling pyparsing-2.4.7:
#18 246.0       Successfully uninstalled pyparsing-2.4.7
#18 309.2 
#18 309.4 Successfully installed affine-2.4.0 annotated-types-0.7.0 asciitree-0.3.3 boto3-1.42.39 botocore-1.42.39 click-plugins-1.1.1.2 cligj-0.7.2 contourpy-1.3.3 cycler-0.12.1 defusedxml-0.7.1 deprecated-1.3.1 dicomweb-client-0.59.3 fasteners-0.20 fonttools-4.61.1 glymur-0.14.6.1 histomicstk-1.0.0 imagecodecs-2026.1.14 imagecodecs-numcodecs-2026.1.1 imageio-2.37.2 jmespath-1.1.0 joblib-1.5.3 kiwisolver-1.4.9 large-image-source-bioformats-1.34.0 large-image-source-deepzoom-1.34.0 large-image-source-dicom-1.34.0 large-image-source-dummy-1.34.0 large-image-source-gdal-1.34.0 large-image-source-mapnik-1.34.0 large-image-source-multi-1.34.0 large-image-source-nd2-1.34.0 large-image-source-ometiff-1.34.0 large-image-source-openjpeg-1.34.0 large-image-source-openslide-1.34.0 large-image-source-rasterio-1.34.0 large-image-source-test-1.34.0 large-image-source-tifffile-1.34.0 large-image-source-vips-1.34.0 large-image-source-zarr-1.34.0 lazy-loader-0.4 lxml-6.0.2 mapnik-4.2.1.1 marshmallow-3.26.2 matplotlib-3.10.8 nd2-0.11.2 networkx-3.6.1 numcodecs-0.15.1 ome-types-0.6.3 openslide-bin-4.0.0.11 openslide-python-1.4.3.1 pydantic-2.12.5 pydantic-core-2.41.5 pydantic-extra-types-2.11.0 pydicom-3.0.1 pyparsing-3.3.2 pyproj-3.7.2 python-bioformats-4.1.0.8.4.0.1 python-javabridge-4.0.4.1 rasterio-1.4.4 resource-backed-dask-array-0.1.0 retrying-1.4.2 s3transfer-0.16.0 scikit-image-0.26.0 scikit-learn-1.8.0 shapely-2.1.2 threadpoolctl-3.6.0 tifffile-2025.5.10 typing-extensions-4.15.0 typing-inspection-0.4.2 universal-pathlib-0.2.6 wsidicom-0.29.0 xsdata-26.1 zarr-2.18.7
#18 309.4 WARNING: Running pip as the 'root' user can result in broken permissions and conflicting behaviour with the system package manager, possibly rendering your system unusable. It is recommended to use a virtual environment instead: https://pip.pypa.io/warnings/venv. Use the --root-user-action option if you know what you are doing and want to suppress this warning.
#18 DONE 315.0s

#19 [15/21] RUN rm -rf /root/.cache/pip/*
#19 DONE 0.6s

#20 [16/21] RUN python - <<EOF
#20 3.781 2026-01-31 21:25:39.419827: E external/local_xla/xla/stream_executor/cuda/cuda_dnn.cc:9261] Unable to register cuDNN factory: Attempting to register factory for plugin cuDNN when one has already been registered
#20 3.781 2026-01-31 21:25:39.421615: E external/local_xla/xla/stream_executor/cuda/cuda_fft.cc:607] Unable to register cuFFT factory: Attempting to register factory for plugin cuFFT when one has already been registered
#20 3.882 2026-01-31 21:25:39.522073: E external/local_xla/xla/stream_executor/cuda/cuda_blas.cc:1515] Unable to register cuBLAS factory: Attempting to register factory for plugin cuBLAS when one has already been registered
#20 4.312 2026-01-31 21:25:39.951712: I tensorflow/core/platform/cpu_feature_guard.cc:182] This TensorFlow binary is optimized to use available CPU instructions in performance-critical operations.
#20 4.312 To enable the following instructions: AVX2 FMA, in other operations, rebuild TensorFlow with the appropriate compiler flags.
#20 18.71 WARNING:tensorflow:From /usr/local/lib/python3.11/dist-packages/tensorflow/python/compat/v2_compat.py:108: disable_resource_variables (from tensorflow.python.ops.variable_scope) is deprecated and will be removed in a future version.
#20 18.71 Instructions for updating:
#20 18.71 non-resource variables are not supported in the long term
#20 18.71 TF version: 2.15.0
#20 18.71 Eager: False
#20 DONE 20.2s

#21 [17/21] RUN python -c "from matplotlib import pylab"
#21 DONE 4.0s

#22 [18/21] WORKDIR /HistomicsTK/histomicstk/cli
#22 DONE 0.0s

#23 [19/21] RUN python -m slicer_cli_web.cli_list_entrypoint --list_cli
#23 0.494 {
#23 0.494   "SegmentWSI": {
#23 0.494     "type": "python"
#23 0.494   }
#23 0.494 }
#23 DONE 0.5s

#24 [20/21] RUN python -m slicer_cli_web.cli_list_entrypoint SegmentWSI --help
#24 13.12 Parameter indices are not continuous from 0 upwards
#24 13.13 usage: SegmentWSI.py [-h] [-V] [--xml] [--batch_size <integer>]
#24 13.13                      [--girderApiUrl <string>] [--girderItemId <string>]
#24 13.13                      [--girderToken <string>] [--gpu <integer>]
#24 13.13                      [--heatmap_stride <integer>] [--min_size <integer>]
#24 13.13                      [--patch_size <integer>] [--remove_border <integer>]
#24 13.13                      [--save_heatmap <boolean>] [--simplify_contours <double>]
#24 13.13                      [--tile_stride <integer>] [--wsi_downsample <integer>]
#24 13.13                      inputImageFile inputModelFile outputAnnotationFile
#24 13.13 
#24 13.13 positional arguments:
#24 13.13   inputImageFile        Input image (type: image)
#24 13.13   inputModelFile        A zip file containing Tensorflow model-files and
#24 13.13                         metadata for the deeplab segmentation network (type:
#24 13.13                         file) (file-extensions: ['.zip'])
#24 13.13   outputAnnotationFile  Output annotation file (*.anot) containing glomerular
#24 13.13                         annotations (type: file) (file-extensions: ['.anot'])
#24 13.13 
#24 13.13 options:
#24 13.13   -h, --help            show this help message and exit
#24 13.13   -V, --version         show program's version number and exit
#24 13.13   --xml                 Produce xml description of command line arguments
#24 13.13   --batch_size <integer>
#24 13.13                         The batch size for processing WSI patches (default: 1)
#24 13.13   --girderApiUrl <string>
#24 13.13                         The base URL of the Girder API (e.g.,
#24 13.13                         http://localhost:8080/api/v1). If provided with
#24 13.13                         girderToken, annotations will be uploaded to Girder.
#24 13.13                         (default: )
#24 13.13   --girderItemId <string>
#24 13.13                         The Girder item ID to upload annotations to. If not
#24 13.13                         provided, will attempt to resolve from input image.
#24 13.13                         (default: )
#24 13.13   --girderToken <string>
#24 13.13                         Authentication token for Girder API access. Required
#24 13.13                         if girderApiUrl is provided. (default: )
#24 13.13   --gpu <integer>       The ID of the GPU to use for analysis (default: 0)
#24 13.13   --heatmap_stride <integer>
#24 13.13                         The additional downsample (applied by striding the
#24 13.13                         logits) applied to the saved heatmaps. (default: 2)
#24 13.13   --min_size <integer>  The minimum size in pixels of objects detected by the
#24 13.13                         analysis - a value of 0 does not remove small objects
#24 13.13                         (default: 2000)
#24 13.13   --patch_size <integer>
#24 13.13                         Tile size for blockwise analysis (pixels) (default:
#24 13.13                         2000)
#24 13.13   --remove_border <integer>
#24 13.13                         The size (pixels) of the patch border which is
#24 13.13                         discarded prior to stitching - removes edge artifacts
#24 13.13                         (this requires sufficient patch overlap) (default:
#24 13.13                         100)
#24 13.13   --save_heatmap <boolean>
#24 13.13                         Save the network logits (probabilities) as heatmap
#24 13.13                         layers. (default: False)
#24 13.13   --simplify_contours <double>
#24 13.13                         The amount of approximation used to simplify the
#24 13.13                         predicted boundaries - we don't recommend setting this
#24 13.13                         above a value of 0.01 (uses the Douglas-Peucker
#24 13.13                         Algorythm) (default: 0.005)
#24 13.13   --tile_stride <integer>
#24 13.13                         The stride used for overlapping patches during
#24 13.13                         analysis (pixels) (default: 1000)
#24 13.13   --wsi_downsample <integer>
#24 13.13                         The downsample rate at which the analysis should be
#24 13.13                         performed w.r.t. full resolution (default: 2)
#24 13.13 
#24 13.13 Title: Segment WSI
#24 13.13 
#24 13.13 Description: Segments structures from a whole-slide image
#24 13.13 
#24 13.13 Author(s): Brendon Lutnick (SUNY Buffalo)
#24 13.13 
#24 13.13 License: Apache 2.0
#24 13.13 
#24 13.13 Acknowledgements: This work is part of efforts in digital pathology by the
#24 13.13 Sarder Lab: SUNY Buffalo.
#24 DONE 14.1s
WARNING: No output specified with docker-container driver. Build result will only remain in the build cache. To push result image into registry use --push or to load image into docker use --load

 [33m3 warnings found (use docker --debug to expand):
[0m - JSONArgsRecommended: JSON arguments recommended for CMD to prevent unintended behavior related to OS signals (line 69)
 - JSONArgsRecommended: JSON arguments recommended for CMD to prevent unintended behavior related to OS signals (line 13)
 - MultipleInstructionsDisallowed: Multiple CMD instructions should not be used in the same stage because only the last one will be used (line 13)
